13.6,99.8,8.3,31477.0,27246.0,593.1,94308.0
13.8,99.8,9.0,34167.0,32569.0,593.7,96320.0
15.8,99.0,8.7,33211.0,29641.0,593.2,96320.0
14.0,99.8,8.7,32633.0,27246.0,593.1,95428.0
14.1,99.8,8.7,32602.0,27290.0,594.0,95202.0
14.5666666667,99.5,8.8,33516.0,30037.0,593.3,95882.0
13.8,99.8,8.7,32753.0,27175.0,592.6,95366.0
13.6,99.8,8.3,30893.0,27241.0,593.0,93730.0
14.4333333333,99.5,8.8,33351.0,29883.0,593.3,95612.0
14.0,99.8,8.2,30616.0,27323.0,593.3,93750.0
13.7,99.8,8.7,32626.0,27268.0,592.9,95406.0
13.7,99.8,8.3,30663.0,27191.0,593.0,93808.0
14.4666666667,99.6,8.9,33400.0,29976.0,593.2,95530.0
13.7,99.8,8.7,32360.0,27257.0,591.7,95572.0
14.3666666667,99.6,8.9,33335.0,29888.0,592.8,95592.0
16.0,99.0,8.7,33258.0,29663.0,593.0,96236.0
13.9,99.8,8.9,33842.0,31811.0,592.8,96258.0
14.0,99.8,8.7,32549.0,27241.0,592.8,95406.0
13.3,99.8,8.1,30726.0,27136.0,593.0,93750.0
13.7,99.7,8.7,32906.0,27268.0,593.5,95324.0
13.7,99.8,8.8,33004.0,27180.0,592.8,95778.0
13.5,99.8,8.7,32598.0,27175.0,592.4,95428.0
13.4,99.8,8.3,30603.0,27191.0,589.8,93888.0
15.9,99.0,8.8,33287.0,29696.0,593.5,96300.0
13.6,99.8,8.6,32487.0,27169.0,593.3,95284.0
15.8,99.0,8.9,33512.0,29993.0,593.2,96278.0
13.7,99.8,8.7,32711.0,27279.0,592.8,95406.0
16.0,99.0,8.7,33176.0,29630.0,592.9,96258.0
14.0666666667,99.6,8.8,33301.0,29850.0,593.1,95634.0
13.8,99.8,9.1,34245.0,32772.0,593.6,96236.0
15.8,99.0,8.8,33532.0,29976.0,593.3,96258.0
13.6,99.8,8.9,33402.0,27246.0,591.9,95222.0
13.6,99.8,8.4,31183.0,27175.0,591.7,93928.0
13.3,99.8,8.2,30673.0,27098.0,592.3,93768.0
13.7,99.8,8.1,30214.0,27307.0,592.8,93768.0
16.0,99.0,8.7,33108.0,29564.0,593.0,96236.0
13.7,99.8,8.6,32267.0,27345.0,593.5,94996.0
16.1,99.0,8.7,33131.0,29619.0,593.2,96236.0
13.7666666667,99.5,8.8,33327.0,29850.0,593.3,95862.0
14.0,99.5,8.8,33454.0,29954.0,593.2,95986.0
13.7,99.8,9.0,34026.0,32426.0,593.2,96300.0
13.5,99.8,8.9,33801.0,32552.0,593.3,96278.0
13.7,99.8,8.3,30736.0,27219.0,593.2,93808.0
14.0666666667,99.6,8.8,33339.0,29916.0,593.0,95634.0
13.5,99.8,8.7,32694.0,27230.0,593.3,95344.0
13.7,99.8,8.3,30775.0,27301.0,592.6,93888.0
14.0,99.5,8.8,33463.0,29932.0,593.1,95862.0
13.5,99.8,8.1,31627.0,27213.0,595.1,93650.0
13.9,99.8,8.7,32575.0,27142.0,593.2,95366.0
13.5,99.8,9.0,34190.0,32574.0,592.8,96258.0
13.7,99.8,8.8,32656.0,27389.0,590.9,95366.0
13.7,99.8,9.0,34189.0,32487.0,593.5,96278.0
16.1,99.0,8.8,33221.0,29658.0,592.8,96236.0
14.2333333333,99.6,8.8,33377.0,29905.0,593.1,95674.0
13.6,99.8,8.6,32533.0,27318.0,596.8,94916.0
16.1,99.0,8.9,33472.0,29943.0,593.2,96320.0
15.7,98.9,8.8,33370.0,29806.0,593.3,96216.0
13.9,99.8,8.5,32635.0,27164.0,593.3,95284.0
13.6,99.8,8.7,32465.0,27296.0,592.9,95344.0
13.6,99.8,9.0,33998.0,31190.0,593.1,96236.0
13.9333333333,99.6,8.8,33471.0,29938.0,593.3,95862.0
13.6,99.8,9.0,34183.0,32558.0,592.8,96258.0
13.8,99.8,8.4,31101.0,27367.0,591.3,93788.0
13.6666666667,99.5,8.8,33491.0,29976.0,593.1,95902.0
13.4,99.8,8.2,30688.0,27361.0,592.7,93690.0
14.0,99.8,8.6,32241.0,27350.0,591.9,95344.0
13.3,99.8,8.4,31508.0,27356.0,593.9,93888.0
16.1,98.9,8.7,33098.0,29597.0,593.0,96278.0
12.9,99.8,8.9,32342.0,27345.0,589.7,93334.0
13.6666666667,99.5,8.8,33593.0,30053.0,593.0,95944.0
13.3,99.8,8.5,31827.0,27422.0,592.9,93828.0
13.0,99.8,9.0,34055.0,32569.0,593.5,96300.0
13.5,99.8,8.7,32764.0,27268.0,592.3,95344.0
13.4,99.8,8.3,30719.0,27356.0,592.2,93828.0
16.1,99.0,8.7,33068.0,29570.0,592.4,96258.0
13.2,99.8,8.2,30220.0,27361.0,594.0,93630.0
13.8333333333,99.6,8.8,33624.0,30070.0,592.8,95696.0
13.6666666667,99.5,8.9,33371.0,29943.0,593.3,95428.0
16.0,99.0,8.7,33223.0,29674.0,593.6,96278.0
13.4,99.8,8.2,31717.0,27241.0,593.3,93888.0
13.5,99.8,8.6,32445.0,27361.0,593.4,95180.0
13.8,99.8,8.3,30705.0,27241.0,593.1,93768.0
13.5,99.8,8.3,30899.0,27197.0,593.5,93670.0
14.6,99.6,8.8,33365.0,29921.0,593.2,95778.0
13.0,99.8,8.8,32022.0,27422.0,611.9,91690.0
13.4,99.8,8.5,31640.0,27268.0,592.7,93908.0
13.4666666667,99.6,8.8,33396.0,29965.0,593.1,95716.0
15.8,99.0,8.7,33202.0,29603.0,593.3,96258.0
13.7,99.8,9.0,33997.0,32574.0,592.9,96258.0
14.0666666667,99.6,8.8,33454.0,29938.0,593.2,95634.0
13.3,99.8,8.7,32610.0,27263.0,592.6,95386.0
13.9,99.8,8.4,31038.0,27433.0,590.6,93788.0
14.1,99.8,8.7,32753.0,27235.0,593.0,95344.0
13.6,99.8,8.4,31594.0,27477.0,592.6,94610.0
13.4,99.8,8.4,31721.0,27208.0,593.0,93988.0
15.9,98.9,8.7,33075.0,29570.0,593.1,96278.0
13.5,99.8,9.0,34126.0,32585.0,592.8,96278.0
15.8,99.0,7.6,33340.0,29855.0,593.4,96216.0
13.2,99.8,8.4,31424.0,27328.0,591.1,93988.0
13.8,99.8,8.7,32604.0,27279.0,593.5,95344.0
15.9,98.9,7.6,27989.0,24966.0,592.7,92322.0
15.9,98.9,7.6,28012.0,24999.0,593.1,92302.0
15.8,99.0,7.6,27991.0,24988.0,593.4,92110.0
13.6666666667,99.6,7.6,28077.0,25010.0,593.2,91010.0
14.0,99.6,7.7,28002.0,25010.0,593.4,91520.0
13.6,99.8,7.2,26316.0,21736.0,592.6,89938.0
14.9333333333,99.6,7.7,28082.0,25065.0,593.1,91482.0
15.9,99.0,7.6,28080.0,25032.0,593.1,91994.0
13.3,99.5,7.6,28136.0,24972.0,592.8,91254.0
14.5666666667,99.6,7.6,28071.0,24999.0,593.2,91708.0
15.5,98.9,7.6,27897.0,24884.0,593.5,92244.0
15.6,99.0,7.6,27835.0,24911.0,593.0,91670.0
15.9,98.9,7.6,27990.0,25005.0,593.3,91994.0
14.7333333333,99.6,7.6,28017.0,24933.0,592.9,91330.0
15.9,99.0,7.6,28102.0,25032.0,592.8,92128.0
14.0,99.6,7.6,28105.0,25043.0,593.0,91048.0
15.8,99.0,7.6,27986.0,24961.0,593.3,92014.0
15.7,99.0,7.6,28040.0,25010.0,593.3,92052.0
13.9666666667,99.6,7.6,28137.0,25109.0,592.8,91386.0
14.4333333333,99.6,7.6,28113.0,25043.0,593.1,91124.0
16.1,99.0,7.6,27937.0,24939.0,593.3,92034.0
15.9,98.9,7.6,27906.0,24933.0,593.4,91994.0
15.8,99.0,7.6,28002.0,24988.0,592.8,92148.0
14.1666666667,99.6,7.6,28073.0,24966.0,593.3,91048.0
15.9,99.0,7.6,27912.0,24917.0,593.1,92014.0
14.0333333333,99.6,7.6,28175.0,25087.0,593.3,91068.0
13.6666666667,99.6,7.6,28012.0,24966.0,592.9,91652.0
15.8,99.0,7.6,28091.0,25082.0,593.1,91880.0
14.4666666667,99.6,7.6,28162.0,25082.0,593.2,91010.0
13.6666666667,99.6,7.6,28137.0,25109.0,592.8,91386.0
13.6,99.8,7.1,25352.0,21736.0,593.3,88676.0
14.2,99.6,7.6,28131.0,25038.0,593.1,91142.0
13.4,99.8,7.2,26319.0,21736.0,593.3,89884.0
13.9333333333,99.6,7.7,28083.0,25032.0,593.1,90526.0
14.0333333333,99.6,7.6,27986.0,25049.0,593.0,91520.0
15.9,99.0,7.5,28074.0,24994.0,593.1,92340.0
14.3333333333,99.6,7.8,27359.0,24384.0,591.8,90030.0
15.3,99.0,7.6,27899.0,24966.0,593.4,91690.0
15.9,98.9,7.6,27925.0,24939.0,593.0,92034.0
15.8,99.0,7.6,27938.0,24933.0,593.0,92034.0
14.1333333333,99.6,7.6,28137.0,25109.0,592.8,91386.0
13.3,99.8,7.2,25907.0,21736.0,594.0,88446.0
15.9,98.9,7.6,28027.0,25016.0,592.4,91994.0
13.6,99.7,7.3,26487.0,21742.0,593.0,90158.0
15.8,98.9,7.5,28058.0,24994.0,592.8,92322.0
14.7333333333,99.6,7.6,27862.0,24846.0,592.7,90936.0
13.8,99.7,7.3,26565.0,21731.0,593.3,90342.0
15.0333333333,99.6,7.6,28137.0,25109.0,592.8,91386.0
13.8666666667,99.5,7.6,28137.0,25109.0,592.8,91386.0
13.7333333333,99.5,7.6,28137.0,25109.0,592.8,91386.0
13.2,99.8,7.2,26198.0,21731.0,592.6,88766.0
13.6,99.8,7.3,27167.0,21725.0,593.3,90694.0
16.0,99.0,7.6,28136.0,25082.0,593.1,92052.0
14.4,99.5,7.6,28047.0,24994.0,593.0,90862.0
13.3333333333,99.6,7.6,28064.0,24933.0,592.8,91312.0
13.8,99.9,7.1,25424.0,21742.0,593.3,88694.0
14.1333333333,99.6,7.6,28137.0,25109.0,592.8,91386.0
13.6,99.5,7.6,28137.0,25109.0,592.8,91386.0
14.6,99.6,7.6,27907.0,24890.0,593.3,91690.0
15.5,99.0,7.6,27901.0,24961.0,593.1,91862.0
16.1,99.0,7.6,28049.0,25038.0,593.5,92014.0
13.7333333333,99.6,7.6,28137.0,25109.0,592.8,91386.0
13.9333333333,99.6,7.6,28090.0,25027.0,592.8,91030.0
14.1333333333,99.6,7.6,28026.0,24994.0,593.3,90806.0
15.3,99.0,6.4,27508.0,24521.0,592.5,91086.0
14.3333333333,99.6,7.7,28137.0,25109.0,592.8,91386.0
15.9,99.0,7.6,27979.0,25038.0,593.3,92052.0
15.7,99.0,8.4,27863.0,24901.0,593.1,91462.0
13.5,99.7,7.2,26349.0,21725.0,593.4,89938.0
15.8,99.0,7.6,27920.0,24961.0,593.0,91804.0
14.0666666667,99.6,7.6,28000.0,24928.0,593.2,90786.0
13.9666666667,99.6,7.6,28033.0,24950.0,593.3,91086.0
14.2666666667,99.6,7.6,28137.0,25109.0,592.8,91386.0
15.9,98.9,7.9,27829.0,24950.0,593.2,91386.0
13.3,99.8,7.1,26010.0,21747.0,592.0,88624.0
14.0,99.5,7.6,28137.0,25109.0,592.8,91386.0
13.3666666667,99.6,7.6,27996.0,24944.0,593.1,90638.0
15.9,99.0,7.6,27953.0,24950.0,593.1,91842.0
13.6,99.6,7.6,28137.0,25109.0,592.8,91386.0
13.5,99.8,7.1,25460.0,21753.0,593.0,88748.0
14.1666666667,99.5,7.6,28137.0,25109.0,592.8,91386.0
13.3,99.9,7.3,25338.0,21786.0,589.9,88676.0
15.8,99.0,7.6,27856.0,24879.0,593.1,91880.0
15.7,99.0,7.6,27858.0,24966.0,593.3,91880.0
13.3,99.9,7.1,25600.0,21742.0,593.0,88552.0
14.5666666667,99.6,7.6,27926.0,24928.0,593.1,91784.0
13.4,99.7,7.2,26007.0,21742.0,593.1,89556.0
15.8,98.9,7.6,28054.0,24994.0,592.9,92148.0
14.0333333333,99.6,7.7,28138.0,25093.0,593.1,90508.0
13.4,99.8,7.1,25484.0,21742.0,593.2,88658.0
13.3,99.8,7.1,25395.0,21731.0,593.5,88606.0
15.6,98.9,7.6,27733.0,24796.0,593.0,92168.0
13.5,99.6,7.6,28001.0,24994.0,592.8,91444.0
15.9,99.0,7.5,28056.0,24983.0,593.1,92360.0
15.3,99.0,7.8,27753.0,24857.0,593.4,91424.0
13.3,99.7,7.0,25235.0,21720.0,593.3,88784.0
14.0,99.6,7.6,27961.0,24922.0,593.3,90918.0
13.5,99.8,6.7,25287.0,21709.0,599.1,88376.0
14.0333333333,99.6,7.6,28010.0,24988.0,593.4,90806.0
15.5,98.9,7.6,27839.0,24939.0,592.8,91594.0
15.8,99.0,6.4,22631.0,19995.0,593.2,86576.0
13.8333333333,99.6,6.4,22535.0,19990.0,592.8,85440.0
14.1333333333,99.6,6.4,22606.0,20023.0,592.8,85324.0
13.7,99.6,6.4,22527.0,19968.0,593.6,85324.0
13.6,99.7,6.9,24497.0,21693.0,592.4,88252.0
15.2,99.0,6.4,22660.0,20012.0,592.8,86072.0
13.7666666667,99.6,6.4,23701.0,20956.0,595.6,87192.0
13.6,99.7,6.9,24587.0,21720.0,593.3,88164.0
13.9,99.6,6.4,22445.0,19907.0,593.5,85474.0
13.8666666667,99.6,6.4,22491.0,19929.0,593.2,85342.0
14.2,99.6,6.4,22593.0,19951.0,593.1,86022.0
14.0333333333,99.6,6.5,22717.0,20116.0,593.1,85276.0
15.7,99.0,6.4,22637.0,19979.0,593.5,86610.0
16.2,99.0,6.4,22623.0,19990.0,593.1,86424.0
14.0,99.6,6.4,22567.0,20017.0,593.6,85178.0
14.0,99.7,6.9,24549.0,21703.0,593.1,88288.0
14.0666666667,99.6,6.4,22539.0,19995.0,592.6,85490.0
14.1333333333,99.6,6.4,22591.0,20017.0,592.9,86156.0
14.2,99.6,6.4,22577.0,19940.0,593.3,85988.0
14.1666666667,99.6,6.4,22511.0,19962.0,592.8,85178.0
15.8,98.9,6.4,22625.0,20006.0,593.2,86358.0
13.5,99.6,6.8,25053.0,22401.0,598.5,87692.0
13.7666666667,99.6,6.4,22706.0,20050.0,593.5,86088.0
14.0,99.7,6.8,24414.0,21725.0,594.2,88094.0
13.7666666667,99.6,6.4,22510.0,19979.0,592.8,85178.0
13.8666666667,99.6,6.4,22584.0,20006.0,593.2,85922.0
15.4,98.9,6.3,22528.0,19858.0,592.9,86832.0
13.5,99.7,6.9,24627.0,21753.0,593.1,88128.0
13.7,99.6,6.4,22604.0,20067.0,593.1,84932.0
15.7,98.9,6.4,22619.0,19990.0,592.8,86610.0
15.3,99.0,6.4,22451.0,19924.0,592.8,86222.0
15.6,99.0,6.4,22710.0,20034.0,593.2,86392.0
15.7,99.0,6.4,22759.0,20094.0,593.0,86458.0
15.2,99.0,6.4,22440.0,19907.0,593.0,85822.0
15.8,99.0,6.4,22749.0,20050.0,593.1,86492.0
15.4,99.0,6.4,22661.0,20056.0,593.1,86004.0
13.5666666667,99.6,6.4,22587.0,20012.0,592.8,85374.0
13.7,99.6,6.4,22517.0,19995.0,593.0,84980.0
15.8,99.0,6.4,22817.0,20110.0,592.6,86442.0
15.7,99.0,6.4,22564.0,19946.0,592.6,86206.0
13.6,99.7,6.9,24587.0,21720.0,593.3,88164.0
13.6,99.6,6.4,22489.0,19924.0,593.3,85078.0
13.7333333333,99.6,6.4,22689.0,20045.0,593.2,86022.0
15.8,99.0,6.4,22725.0,20012.0,593.2,86424.0
13.4333333333,99.6,6.4,22416.0,19891.0,593.0,85424.0
15.2,99.0,6.4,22598.0,20023.0,593.5,86072.0
15.2,99.0,6.4,22839.0,20209.0,591.6,86022.0
13.4666666667,99.6,6.4,22576.0,20034.0,592.9,85572.0
15.4,99.0,6.4,22491.0,19918.0,593.4,86056.0
15.2,98.9,6.4,22606.0,20012.0,593.3,86088.0
15.4,99.0,6.4,22711.0,20099.0,593.3,85988.0
15.6,99.0,6.4,22709.0,20061.0,593.0,86442.0
13.5333333333,99.6,6.4,22533.0,19968.0,593.4,85440.0
13.8666666667,99.6,6.4,22622.0,20072.0,592.8,85540.0
15.8,99.0,6.4,22671.0,19984.0,593.1,86610.0
14.2,99.7,6.9,24766.0,21725.0,593.1,88482.0
13.9666666667,99.6,6.4,22608.0,20006.0,593.1,85872.0
15.7,99.0,6.5,22843.0,20132.0,592.9,86730.0
15.5,99.0,6.4,22551.0,19973.0,593.0,86156.0
15.4,99.0,6.4,22668.0,19979.0,593.1,86492.0
13.7333333333,99.6,6.4,22621.0,20012.0,593.3,85242.0
15.1,99.0,6.4,22449.0,19885.0,593.2,86106.0
15.6,99.0,6.4,22635.0,19995.0,593.2,86374.0
14.3333333333,99.6,6.4,22402.0,19990.0,593.5,85374.0
14.0,99.8,6.9,24663.0,21725.0,593.1,88200.0
14.3333333333,99.6,6.4,22538.0,19935.0,593.4,85888.0
15.7,98.9,6.4,22731.0,20050.0,593.2,86662.0
13.8,99.7,6.9,24466.0,21709.0,593.3,88200.0
14.1,99.7,6.9,24567.0,21709.0,593.5,88146.0
13.8,99.7,6.9,24623.0,21747.0,592.4,88234.0
15.6,98.9,6.4,22705.0,20039.0,592.7,86408.0
15.2,99.0,6.4,22522.0,19924.0,593.2,86122.0
15.6,99.0,6.4,22575.0,20001.0,592.8,86138.0
15.4,99.0,6.4,22639.0,20028.0,593.1,85888.0
15.7,99.0,6.4,22663.0,20023.0,592.8,86306.0
14.1333333333,99.6,6.4,22589.0,19918.0,593.0,86256.0
14.0333333333,99.6,6.4,22530.0,19913.0,592.9,85988.0
15.4,98.9,6.4,22554.0,19907.0,591.0,86256.0
14.2666666667,99.6,6.4,22527.0,19995.0,592.8,85408.0
15.5,99.0,6.4,22460.0,19858.0,593.1,86442.0
14.8666666667,99.6,6.4,22538.0,19913.0,593.1,86106.0
13.9333333333,99.6,6.4,22589.0,20012.0,593.4,85408.0
13.7,99.9,6.9,24340.0,21802.0,592.8,86696.0
14.0,99.6,6.4,22488.0,19946.0,593.3,85308.0
15.6,99.0,6.4,22560.0,19929.0,591.9,86424.0
13.8,99.7,6.9,25026.0,21731.0,594.4,88128.0
15.5,98.9,6.4,22701.0,20094.0,593.8,85922.0
14.0666666667,99.6,6.4,22535.0,19907.0,593.3,85888.0
13.6,99.9,7.0,24899.0,21742.0,593.5,87780.0
13.7666666667,99.6,6.4,22526.0,20023.0,593.4,84964.0
15.7,99.0,6.4,22622.0,19968.0,593.1,86392.0
14.5,99.6,6.4,22580.0,19957.0,593.3,86138.0
14.0,99.6,6.4,22740.0,20105.0,592.6,85872.0
14.2,99.5,6.4,22688.0,19979.0,592.8,86240.0
15.7,99.0,6.4,22730.0,20023.0,592.8,86510.0
14.0333333333,99.6,6.4,22558.0,19973.0,593.1,85260.0
15.6,99.0,6.4,22748.0,20083.0,593.1,86392.0
13.5,99.7,6.9,24635.0,21736.0,593.4,88112.0
15.5,99.0,6.4,23696.0,20742.0,595.1,84252.0
13.8,99.7,6.9,24493.0,21709.0,592.9,88182.0
13.7333333333,99.6,5.2,16991.0,14919.0,604.6,79414.0
15.8,99.0,5.2,17059.0,14897.0,602.6,79888.0
15.2,99.0,5.1,17005.0,14947.0,604.7,79130.0
13.1,99.9,5.5,18448.0,16392.0,603.1,80438.0
15.6,99.0,5.2,17150.0,14969.0,602.8,79888.0
14.3,99.6,5.2,16739.0,14777.0,607.1,78722.0
13.4,99.9,4.3,19307.0,16403.0,597.3,80748.0
13.3,99.9,5.3,18199.0,16397.0,603.0,80762.0
14.2,99.7,5.7,18698.0,16359.0,598.3,81236.0
13.2,99.9,5.4,18586.0,16469.0,607.5,80206.0
15.1,99.0,5.3,17139.0,15018.0,604.2,79244.0
13.2,99.7,5.6,18605.0,16342.0,600.8,81088.0
14.4666666667,99.6,5.2,17133.0,15029.0,604.2,79428.0
13.4,99.7,5.7,18564.0,16293.0,596.8,81162.0
14.4666666667,99.6,5.3,17080.0,14958.0,604.0,79414.0
14.3666666667,99.5,5.2,17092.0,14969.0,603.6,79442.0
13.7,99.7,5.6,18847.0,16331.0,599.7,81192.0
14.3333333333,99.6,5.3,17076.0,14980.0,604.1,79356.0
14.6,99.6,5.3,17215.0,15084.0,603.2,79642.0
15.8,99.0,5.0,16587.0,14612.0,608.2,79286.0
13.8,99.6,5.3,16979.0,14958.0,605.3,78582.0
13.7333333333,99.6,5.2,17106.0,15002.0,604.4,79200.0
15.7,99.0,5.2,17143.0,15051.0,603.4,79728.0
13.9666666667,99.6,5.4,17149.0,15095.0,603.9,78778.0
13.5,99.7,5.6,18836.0,16260.0,606.6,80718.0
15.2,99.0,5.2,16809.0,14749.0,598.5,79556.0
15.8,99.0,6.3,17253.0,15046.0,603.0,79988.0
15.6,99.0,5.1,17533.0,15249.0,604.8,79642.0
13.4,99.8,5.8,18981.0,16364.0,600.9,80688.0
14.5,99.6,5.2,17020.0,14914.0,604.0,79386.0
15.2,99.0,5.2,17011.0,14974.0,604.4,79186.0
15.6,99.0,5.2,17164.0,14974.0,603.8,79844.0
13.9,99.7,5.5,18680.0,16342.0,600.1,81446.0
14.0333333333,99.6,5.1,16708.0,14733.0,604.1,78750.0
15.2,99.0,5.3,17136.0,15029.0,601.4,79372.0
13.3,99.7,5.5,18614.0,16298.0,601.1,80820.0
13.7,99.7,5.7,18857.0,16326.0,600.6,81282.0
13.7333333333,99.6,5.2,16928.0,14969.0,605.8,78610.0
13.8333333333,99.6,5.3,17007.0,14974.0,605.7,78582.0
14.2666666667,99.6,5.2,16731.0,14755.0,606.1,78194.0
14.1,99.6,5.3,17059.0,14947.0,604.0,79356.0
14.5666666667,99.6,5.3,17059.0,14947.0,603.8,79628.0
13.1,99.9,5.6,18776.0,16403.0,602.2,80820.0
13.9,99.7,5.4,18697.0,16331.0,601.0,81326.0
13.5666666667,99.5,5.2,17125.0,15029.0,603.9,79514.0
13.8,99.6,5.2,16951.0,14936.0,606.0,78470.0
14.0,99.6,5.2,16887.0,14859.0,608.3,78318.0
14.3666666667,99.6,5.3,17097.0,15002.0,603.7,79342.0
15.6,99.0,5.2,17088.0,14974.0,603.5,79714.0
15.4,99.0,5.2,17026.0,14991.0,605.3,79244.0
16.0,99.0,5.1,17033.0,14969.0,603.5,79800.0
14.1,99.6,5.3,17150.0,15024.0,603.9,79386.0
15.2,99.0,5.2,16959.0,14930.0,605.1,79356.0
14.0333333333,99.6,5.2,17026.0,15007.0,605.2,78638.0
13.7,99.7,5.8,19131.0,16320.0,596.7,81566.0
13.5,99.7,5.7,19107.0,16326.0,600.1,81162.0
13.3,99.9,6.1,19968.0,16479.0,595.1,81162.0
14.3,99.6,5.2,17058.0,14952.0,604.6,79356.0
15.2,99.0,5.2,16934.0,14865.0,604.0,79314.0
15.8,99.0,5.2,17071.0,14980.0,602.8,79744.0
15.2,99.0,5.3,17081.0,14952.0,601.1,79414.0
14.0,99.6,5.1,15969.0,14041.0,607.2,77400.0
15.2,99.0,5.0,17101.0,15024.0,604.6,79172.0
14.6,99.6,5.3,17163.0,15018.0,604.0,79386.0
14.8333333333,99.6,5.2,17021.0,14914.0,604.2,79428.0
14.2333333333,99.6,5.0,16629.0,14562.0,599.9,78876.0
15.3,99.0,5.3,17127.0,15035.0,603.6,79300.0
13.8666666667,99.6,5.0,17204.0,14963.0,594.8,81776.0
15.1,99.0,5.2,17058.0,14985.0,604.5,79328.0
13.5,99.7,5.6,18534.0,16287.0,602.8,81028.0
16.0,99.0,5.1,17102.0,14974.0,602.2,79672.0
14.6666666667,99.6,5.2,17141.0,14991.0,603.3,79686.0
13.8666666667,99.5,5.3,17043.0,14996.0,606.2,78318.0
13.8666666667,99.6,5.3,17084.0,14996.0,604.6,79258.0
13.3,99.9,5.4,18916.0,16397.0,604.3,80748.0
15.7,99.0,5.2,17074.0,14925.0,603.3,79888.0
13.7333333333,99.6,5.4,17321.0,15271.0,605.7,79528.0
13.8,99.7,5.7,19154.0,16320.0,598.4,81446.0
13.9,99.7,5.6,18420.0,16227.0,595.8,81490.0
14.2666666667,99.6,5.3,17057.0,14969.0,604.4,79328.0
15.8,99.0,5.2,17048.0,14936.0,602.6,79916.0
14.2,99.6,5.2,16953.0,14886.0,603.8,78736.0
13.6666666667,99.6,5.3,17283.0,15117.0,602.6,79486.0
13.5,99.9,5.5,18366.0,16474.0,604.7,80002.0
15.2,99.0,5.2,17087.0,15007.0,603.9,79286.0
14.2666666667,99.6,5.2,16951.0,14919.0,606.2,78526.0
15.8,99.0,5.2,17015.0,14925.0,603.5,79672.0
13.6,99.7,5.6,18676.0,16337.0,600.5,81520.0
13.3,99.9,5.7,19547.0,16392.0,610.5,80438.0
13.6,99.7,5.5,17793.0,16282.0,596.2,81536.0
15.3,99.0,5.2,17221.0,15123.0,602.6,79300.0
15.9,99.0,5.2,17172.0,15029.0,603.5,79772.0
15.3,99.0,5.2,17107.0,15018.0,603.9,79286.0
13.8333333333,99.6,5.3,17030.0,14991.0,605.5,78512.0
14.3333333333,99.6,5.2,17103.0,14985.0,603.9,79272.0
15.8,99.0,5.2,17075.0,14952.0,603.0,79830.0
16.0,98.9,5.2,17081.0,14886.0,604.0,80060.0
13.5,99.7,5.5,18150.0,16342.0,595.1,81400.0
14.2,99.6,5.2,17038.0,14974.0,604.3,79414.0
13.3,99.7,5.5,18517.0,16276.0,602.4,80940.0
15.7,99.0,4.0,11649.0,10003.0,618.3,71880.0
13.9,99.7,4.3,12741.0,10970.0,616.0,73212.0
15.7,99.0,5.2,12410.0,10657.0,617.1,72910.0
13.5,99.7,4.3,12706.0,10887.0,616.3,73116.0
14.0666666667,99.6,4.1,11464.0,9921.0,621.2,70540.0
15.2,98.9,4.1,11578.0,9976.0,619.5,71554.0
15.1,99.0,4.2,11711.0,10069.0,614.7,71892.0
13.2,99.9,4.5,13462.0,11052.0,615.4,73996.0
13.5,99.7,4.3,12829.0,11003.0,617.1,73200.0
15.0,99.0,4.1,11318.0,9794.0,618.4,71694.0
14.0,99.6,4.0,11172.0,9662.0,620.8,70550.0
14.1333333333,99.6,4.1,11531.0,9970.0,619.2,71266.0
14.8,99.0,4.0,11648.0,10014.0,619.7,71508.0
14.4666666667,99.6,4.1,11606.0,10009.0,619.6,71670.0
15.9,99.0,4.1,11311.0,9712.0,615.3,72184.0
15.0,98.9,4.0,11699.0,10080.0,621.6,71382.0
14.1666666667,99.6,4.1,11503.0,9970.0,620.6,70506.0
15.6,99.0,4.0,11627.0,10014.0,618.6,71916.0
15.8,99.0,4.4,11613.0,9987.0,618.2,72174.0
13.8,99.6,4.0,11408.0,9888.0,621.7,70494.0
16.2,99.0,4.0,11609.0,10014.0,618.5,71938.0
14.5666666667,99.6,4.1,11540.0,9943.0,619.6,71496.0
13.0,99.7,4.3,12705.0,11036.0,616.8,73018.0
15.0,99.0,4.1,11503.0,9915.0,619.3,71566.0
14.0333333333,99.6,4.4,13337.0,11651.0,617.2,73566.0
15.5,99.0,4.1,11595.0,10014.0,619.6,71554.0
13.2,99.7,4.3,12690.0,11058.0,616.5,72934.0
16.0,99.0,4.0,11645.0,10009.0,618.3,71916.0
14.1,99.6,4.1,11517.0,9954.0,621.3,70428.0
13.5,99.9,4.2,13320.0,11266.0,615.2,73774.0
15.3,99.0,4.0,11503.0,9948.0,621.0,71566.0
14.1,99.6,4.1,11576.0,10025.0,621.4,70450.0
16.1,99.0,4.0,11582.0,9987.0,618.7,71926.0
14.2333333333,99.6,4.0,11509.0,9926.0,619.0,71486.0
13.7,99.7,4.4,12737.0,10909.0,614.3,73224.0
13.9,99.6,4.1,11481.0,9965.0,621.5,70506.0
15.9,99.0,4.0,11684.0,10058.0,619.0,71716.0
13.3,99.7,4.3,12702.0,10953.0,615.9,73042.0
14.6333333333,99.6,4.0,11520.0,9910.0,618.8,71682.0
13.3,99.9,4.5,13309.0,10904.0,613.3,74108.0
13.5,99.9,4.3,13255.0,11245.0,615.1,73492.0
13.5,99.9,4.4,13104.0,10898.0,611.2,73996.0
13.1,99.7,4.3,12819.0,11069.0,616.1,73030.0
14.3,99.7,4.3,12840.0,10904.0,615.7,73370.0
13.8333333333,99.6,3.8,11260.0,9712.0,621.0,70304.0
13.6,99.9,4.4,13567.0,11058.0,615.5,73958.0
13.2,99.7,4.4,13014.0,10893.0,615.1,73370.0
13.3,99.7,4.3,12701.0,10937.0,616.7,72946.0
14.0333333333,99.6,4.3,12521.0,10822.0,618.0,72754.0
15.3,99.0,4.0,14733.0,12865.0,605.5,77090.0
14.9,98.9,3.8,11279.0,9772.0,622.0,71590.0
13.3,99.9,4.5,13345.0,11003.0,615.7,73712.0
14.5,99.6,4.0,11477.0,9888.0,619.9,71544.0
14.5333333333,99.6,4.0,11501.0,9926.0,619.6,71346.0
15.9,99.0,4.0,11618.0,10003.0,618.8,71764.0
14.9,99.0,4.0,11514.0,9948.0,620.6,71508.0
14.3666666667,99.5,4.1,11614.0,10014.0,619.8,71232.0
15.3,99.0,4.1,11734.0,10118.0,618.4,71544.0
13.1,99.7,4.3,12729.0,10904.0,615.6,73456.0
13.7,99.7,4.3,12745.0,10865.0,616.2,73296.0
15.2,99.0,4.1,11879.0,10272.0,620.2,71670.0
15.9,99.0,4.0,11618.0,9992.0,618.6,71868.0
13.3,99.7,4.3,12658.0,10926.0,616.7,73030.0
15.7,99.0,4.0,11612.0,9981.0,618.7,71846.0
13.6,99.7,4.3,12775.0,10876.0,615.7,73272.0
13.4,99.7,4.3,12751.0,10997.0,616.5,73128.0
13.3,99.9,4.5,13417.0,11074.0,614.9,73896.0
14.5,99.6,4.1,11551.0,9976.0,619.8,71358.0
13.6,99.7,4.3,12883.0,10926.0,616.3,73164.0
14.0666666667,99.6,4.1,11500.0,9965.0,620.9,70596.0
13.3,99.7,4.3,12765.0,11003.0,616.3,73116.0
15.8,99.0,4.0,11554.0,9976.0,619.2,71868.0
14.4666666667,99.6,4.0,11486.0,9904.0,619.9,71440.0
13.4,99.9,4.3,13297.0,11239.0,613.9,73958.0
14.3666666667,99.6,4.1,11588.0,9998.0,619.2,71416.0
15.2,99.0,4.4,12191.0,10519.0,615.5,71880.0
13.3,99.9,4.5,13471.0,10948.0,614.0,73996.0
13.0,99.7,4.3,12730.0,10904.0,616.8,73042.0
15.9,99.0,4.0,11438.0,9844.0,617.4,72090.0
14.3,99.6,4.1,11499.0,9921.0,620.1,71404.0
13.2,99.9,4.5,13507.0,10942.0,614.4,73958.0
13.4,99.9,4.5,13433.0,10931.0,614.9,73970.0
14.9,99.6,4.0,11488.0,9921.0,619.0,71462.0
13.4,99.9,4.6,13532.0,10931.0,614.0,74094.0
14.0666666667,99.6,4.1,11432.0,9915.0,621.5,70372.0
13.9666666667,99.6,4.1,11625.0,10020.0,619.1,71496.0
13.6,99.7,4.3,12878.0,10937.0,615.6,73248.0
16.0,99.0,4.0,11479.0,9888.0,619.7,71856.0
13.4,99.7,4.3,12652.0,11058.0,616.6,72958.0
15.0,99.0,4.0,11487.0,9910.0,619.3,71554.0
13.6,99.7,4.3,12673.0,11036.0,616.2,73140.0
14.2333333333,99.6,4.1,11560.0,9959.0,619.8,71440.0
13.9333333333,99.6,4.1,11584.0,9998.0,619.8,71300.0
13.4,99.9,3.8,12145.0,11107.0,645.3,71728.0
13.3,99.9,4.4,13533.0,10992.0,614.9,74020.0
13.5,99.7,4.3,12880.0,10882.0,615.4,73248.0
14.1333333333,99.6,4.1,11571.0,9998.0,619.5,71450.0
13.4,99.7,4.3,12775.0,10959.0,616.7,73140.0
14.7,99.0,3.5,12036.0,10388.0,618.1,71752.0
13.5,99.7,4.3,12749.0,11063.0,616.0,73152.0
13.5,99.9,3.3,7583.0,5592.0,642.7,63204.0
13.7666666667,99.6,2.9,6082.0,4977.0,652.6,58740.0
14.0,99.6,2.8,5946.0,4818.0,651.4,58960.0
14.9,99.0,3.9,5929.0,4779.0,641.7,59934.0
13.5,99.9,3.2,6828.0,5663.0,645.7,61992.0
14.2666666667,99.6,3.7,9141.0,7855.0,640.5,64882.0
14.6666666667,99.5,2.7,5940.0,4807.0,653.0,59828.0
14.0666666667,99.6,3.1,6051.0,4938.0,639.3,58584.0
14.8,99.0,3.3,6066.0,4911.0,663.0,59740.0
14.0666666667,99.6,3.1,6035.0,4966.0,647.2,58632.0
14.0,99.7,3.6,7298.0,5641.0,656.5,62026.0
14.3333333333,99.6,3.1,6153.0,5059.0,672.2,59340.0
14.9,99.0,3.5,6124.0,4949.0,641.0,60574.0
13.5,99.7,2.9,6776.0,5592.0,645.1,61568.0
13.6,99.9,3.6,8071.0,5652.0,634.3,64204.0
13.6,99.9,3.3,6894.0,5663.0,643.8,62140.0
13.5,99.7,3.2,6887.0,5652.0,664.6,61330.0
15.1,99.0,3.3,5433.0,4186.0,652.2,60302.0
15.1,98.9,3.2,6071.0,4900.0,661.1,59836.0
15.0,99.0,3.8,6080.0,4938.0,640.9,60400.0
13.3,99.9,3.3,7592.0,5598.0,642.8,63178.0
13.3,99.9,3.2,7643.0,5592.0,643.8,62962.0
14.4333333333,99.6,2.8,6083.0,4916.0,658.0,59594.0
14.2,99.7,3.0,6702.0,5609.0,649.2,61740.0
14.5666666667,99.6,2.8,6165.0,5048.0,642.7,59982.0
15.1,99.0,3.2,5458.0,4290.0,644.7,58476.0
14.1,99.6,2.9,6441.0,5164.0,643.1,63124.0
13.9,99.7,2.9,6831.0,5680.0,649.4,61602.0
13.3,99.9,3.4,7418.0,5669.0,644.4,62738.0
16.0,99.0,2.8,6100.0,4960.0,659.2,59950.0
14.1,99.7,2.9,6718.0,5609.0,646.2,61646.0
14.3333333333,99.6,2.6,6104.0,5076.0,650.4,58446.0
14.1,99.7,2.9,6672.0,5609.0,646.2,61534.0
13.7333333333,99.6,3.9,9687.0,8240.0,637.3,67432.0
16.1,98.9,3.0,6072.0,4949.0,667.7,59660.0
14.0,99.7,2.9,7137.0,132.0,651.7,58032.0
14.2,99.6,3.1,6008.0,4905.0,645.5,58500.0
14.5,99.6,2.9,6222.0,5076.0,654.2,59636.0
14.1,99.7,2.9,6723.0,5620.0,652.2,61390.0
14.4333333333,99.6,2.8,6068.0,4966.0,643.4,59844.0
15.8,99.0,2.8,6181.0,5070.0,662.3,59894.0
14.8,99.0,3.4,6105.0,4955.0,664.0,59676.0
14.7,99.6,2.9,6108.0,5010.0,664.4,59434.0
15.0,98.9,3.0,6028.0,4922.0,659.4,59780.0
13.6,99.9,3.2,7055.0,5669.0,645.6,61956.0
14.9,99.0,3.8,6127.0,4955.0,640.8,60466.0
14.0333333333,99.6,2.9,6072.0,4955.0,653.1,58780.0
14.5333333333,99.6,2.9,6148.0,5087.0,644.6,59764.0
14.2,99.5,3.6,7804.0,6619.0,654.6,62694.0
13.9,99.6,3.0,6182.0,5054.0,671.4,59244.0
14.5333333333,99.5,2.8,6072.0,4955.0,642.3,59902.0
13.4,99.9,3.2,7544.0,5587.0,642.9,63142.0
13.6,99.9,3.3,7536.0,5603.0,644.3,63214.0
14.9,98.9,3.0,6354.0,5251.0,662.6,59862.0
14.2333333333,99.6,3.3,6712.0,5587.0,668.4,60408.0
14.7,99.6,2.8,6036.0,4916.0,658.8,59546.0
14.5333333333,99.6,2.8,6131.0,5015.0,642.4,59894.0
14.4,99.7,3.0,6999.0,5598.0,654.5,61406.0
14.7666666667,99.6,2.8,6100.0,4960.0,664.8,59450.0
16.0,98.9,3.4,6235.0,5103.0,671.9,59926.0
15.8,99.0,3.7,6417.0,5279.0,671.4,60360.0
15.2,99.0,3.9,6106.0,4971.0,671.9,59636.0
13.6666666667,99.6,3.1,6054.0,4971.0,659.0,58608.0
15.5,99.0,3.0,6182.0,5048.0,653.5,60016.0
13.6,99.7,3.3,6773.0,5647.0,663.0,61262.0
15.8,99.0,4.0,6893.0,5696.0,665.8,61152.0
13.4,99.9,3.3,7541.0,5603.0,644.2,62926.0
14.6333333333,99.6,2.9,6122.0,5004.0,642.5,59926.0
14.0,99.6,2.9,5653.0,4384.0,660.6,58414.0
13.6,99.9,3.2,6067.0,5669.0,680.3,58968.0
15.7,99.0,4.0,7468.0,6185.0,659.7,62262.0
13.7,99.7,3.1,6915.0,5718.0,659.2,61492.0
14.1333333333,99.6,2.9,6051.0,4944.0,654.8,58718.0
14.9,99.0,3.0,6399.0,5213.0,654.9,60080.0
14.6,99.6,2.8,6185.0,5048.0,653.0,59652.0
14.4,99.6,2.9,6177.0,5054.0,655.9,59644.0
14.3,99.6,2.9,6162.0,5032.0,649.2,59716.0
14.2666666667,99.6,3.7,9400.0,8086.0,636.2,65400.0
14.3,99.7,3.0,6826.0,5669.0,649.2,61774.0
14.7333333333,99.6,2.7,6083.0,4949.0,659.8,59594.0
13.7,99.7,3.4,6989.0,5647.0,662.2,61948.0
16.0,99.0,3.2,6158.0,5010.0,671.1,59668.0
14.5666666667,99.5,2.8,6089.0,4977.0,642.8,59886.0
14.3,99.5,2.8,6132.0,4988.0,646.9,59894.0
15.0,99.0,3.4,5901.0,4719.0,637.7,60740.0
14.1,99.7,2.9,6864.0,5614.0,658.0,61440.0
13.8666666667,99.6,3.0,6253.0,5169.0,655.4,58904.0
14.0333333333,99.6,2.8,6178.0,5037.0,649.7,59700.0
14.2666666667,99.6,2.8,6046.0,4949.0,645.1,59828.0
14.7666666667,99.5,2.9,5963.0,5158.0,646.3,59852.0
14.0666666667,99.6,2.8,6070.0,4966.0,653.3,59628.0
14.4666666667,99.5,2.9,6105.0,5037.0,644.3,59668.0
13.7,99.6,2.9,6074.0,5010.0,652.2,58702.0
14.0666666667,99.6,3.1,5986.0,4944.0,655.6,58648.0
13.8,99.7,2.9,6840.0,5587.0,646.9,61688.0
15.0,99.0,3.3,5135.0,3955.0,646.2,57632.0
15.8,99.0,2.8,5975.0,4856.0,662.7,59942.0
13.4,99.9,3.4,6876.0,5663.0,647.8,61254.0
14.2,99.6,3.1,6061.0,4927.0,644.8,58624.0
15.8,98.9,3.6,6480.0,5175.0,671.7,60138.0
13.9,99.6,1.9,2567.0,0.0,685.6,46774.0
15.1,99.0,3.4,4867.0,3697.0,647.1,56758.0
13.5,99.7,0.0,386.0,0.0,451.4,44950.0
14.6333333333,99.6,0.0,1191.0,489.0,602.2,45282.0
13.8,99.9,4.5,2268.0,126.0,670.8,45006.0
14.1,99.7,2.0,2543.0,0.0,690.9,46558.0
15.7,98.9,2.6,2128.0,1291.0,693.9,44978.0
14.0,99.7,2.7,2561.0,0.0,687.1,46656.0
13.3,99.9,2.4,2221.0,132.0,677.2,45262.0
15.6,99.0,0.0,802.0,82.0,523.8,44978.0
13.6,99.9,2.0,2185.0,137.0,671.0,45134.0
14.5333333333,99.6,0.0,196.0,-461.0,417.1,44960.0
13.2,99.9,2.8,2166.0,137.0,671.9,45142.0
14.0,99.7,0.0,1069.0,0.0,570.9,44968.0
15.6,99.0,0.0,576.0,-115.0,492.2,45078.0
15.9,98.9,0.0,876.0,176.0,541.2,45116.0
14.0,99.7,2.3,3054.0,0.0,699.0,47396.0
13.4,99.7,3.9,2610.0,0.0,689.7,47702.0
14.0666666667,99.6,2.6,2515.0,1637.0,668.3,44922.0
13.6,99.9,1.9,2138.0,137.0,670.3,45216.0
15.8,98.9,0.0,163.0,-478.0,421.3,45116.0
14.3666666667,99.6,0.0,1061.0,346.0,572.2,45116.0
13.6,99.9,2.5,2174.0,137.0,670.8,44950.0
13.9,99.6,0.0,1021.0,0.0,558.5,45262.0
14.6333333333,99.6,0.0,477.0,-198.0,467.0,45236.0
14.3,99.6,0.0,1163.0,0.0,590.6,45162.0
13.9,99.7,2.2,2685.0,0.0,691.5,46994.0
15.5,98.9,1.8,1382.0,621.0,658.9,45226.0
13.8,99.6,0.0,649.0,0.0,399.0,33350.0
16.2,98.9,5.4,2153.0,1274.0,671.5,45124.0
15.8,99.0,2.1,2187.0,1302.0,694.2,45188.0
13.7,99.7,2.3,2841.0,0.0,691.7,47590.0
13.7,99.7,1.9,2193.0,0.0,692.6,45282.0
13.6,99.7,2.4,2830.0,0.0,693.2,47672.0
13.7,99.9,2.1,2086.0,132.0,668.8,45006.0
15.7,99.0,2.5,2086.0,1187.0,691.4,44986.0
13.7,99.9,1.9,2130.0,132.0,670.6,45142.0
13.9,99.7,3.3,2467.0,0.0,692.3,45216.0
13.9,99.7,0.0,117.0,0.0,406.2,45106.0
14.0,99.6,2.4,2354.0,1467.0,669.9,45170.0
13.4,99.9,1.6,2207.0,137.0,672.5,45134.0
14.1,99.6,2.6,2513.0,1604.0,667.6,45272.0
14.4333333333,99.6,0.0,400.0,-269.0,452.0,45282.0
13.4,99.9,2.0,2081.0,126.0,668.8,45254.0
13.7,99.9,2.0,2141.0,132.0,669.9,45188.0
13.1,99.9,2.5,2220.0,126.0,670.0,44950.0
15.8,98.9,2.7,2706.0,1758.0,693.1,46794.0
13.9,99.7,2.6,1845.0,0.0,678.2,47114.0
14.5,99.5,0.0,180.0,-456.0,414.9,45290.0
14.8333333333,99.6,0.0,806.0,110.0,521.2,45124.0
31.7,98.9,0.0,386.0,-549.0,517.6,37122.0
13.8,99.7,3.4,1477.0,0.0,699.8,45892.0
14.4,99.6,0.0,995.0,291.0,556.7,44968.0
13.2,99.9,2.9,2251.0,132.0,671.7,45134.0
15.8,98.9,0.0,1036.0,308.0,572.8,45096.0
14.2,99.6,0.0,1152.0,0.0,588.6,45142.0
13.8,99.7,0.0,856.0,0.0,402.7,27374.0
14.2,99.7,0.0,548.0,0.0,483.5,45124.0
15.6,99.0,0.0,447.0,-247.0,465.9,45106.0
14.6,99.6,2.7,4369.0,3538.0,668.3,51626.0
14.0,99.7,0.0,1242.0,0.0,606.2,45272.0
13.2,99.9,2.4,2176.0,137.0,671.5,45124.0
13.4,99.9,3.2,2249.0,132.0,672.2,45116.0
14.6,99.6,1.9,2194.0,1313.0,690.6,44978.0
15.7,98.9,1.7,1196.0,472.0,610.1,45096.0
14.5,99.6,0.0,207.0,-450.0,415.8,44950.0
14.8333333333,99.6,0.0,585.0,-115.0,485.4,44960.0
13.7,99.7,0.0,210.0,0.0,421.0,45116.0
14.0333333333,99.6,3.2,2687.0,1752.0,669.6,45014.0
15.1,99.0,3.9,2574.0,1642.0,659.0,50368.0
14.1,99.5,3.0,4913.0,3735.0,649.4,55326.0
15.0666666667,99.6,0.0,671.0,-49.0,496.7,45124.0
15.6,99.0,0.0,805.0,99.0,525.6,44978.0
14.0,99.7,1.9,2645.0,0.0,687.8,46884.0
13.8,99.9,4.6,2284.0,132.0,672.4,45116.0
14.0,99.7,1.9,2541.0,0.0,687.4,46646.0
13.3,99.9,2.3,2235.0,121.0,672.2,45244.0
14.8333333333,99.6,0.0,604.0,-93.0,490.8,45282.0
14.5333333333,99.6,2.0,2256.0,1291.0,690.9,45272.0
14.4333333333,99.5,0.0,986.0,269.0,553.2,45124.0
13.9,99.7,2.1,2680.0,0.0,688.9,47346.0
13.5,99.9,1.9,2137.0,126.0,670.7,45142.0
13.7,99.7,2.3,2783.0,0.0,690.8,47692.0
13.7,99.6,0.0,1380.0,0.0,634.1,45216.0
15.7,99.0,0.0,326.0,-341.0,447.6,44950.0
15.9,99.0,0.0,881.0,154.0,537.6,44996.0
13.9,99.7,0.0,307.0,0.0,433.5,44932.0
14.0,99.7,1.9,2212.0,0.0,694.0,44978.0
13.2,99.9,2.6,2169.0,137.0,671.2,45162.0
14.0,99.7,0.0,727.0,0.0,508.9,44950.0
13.8,99.7,2.2,2723.0,0.0,689.4,47356.0
14.4666666667,99.6,0.0,1044.0,346.0,569.0,44950.0
13.4,99.7,3.4,2105.0,0.0,684.2,47386.0
13.8,99.6,0.0,805.0,0.0,524.4,45088.0
14.0,99.6,2.8,2587.0,1664.0,668.2,44986.0
14.7666666667,99.5,2.4,3082.0,2296.0,690.1,47336.0
13.5,99.9,2.0,2131.0,126.0,670.3,45096.0
14.6333333333,99.6,0.0,1305.0,566.0,625.6,45262.0
15.5,98.9,0.0,431.0,-264.0,462.3,45134.0
14.4666666667,99.6,0.0,307.0,-363.0,435.1,45078.0
