13.6666666667,99.6,8.8,33510.0,30048.0,593.2,95696.0
16.1,99.0,8.8,33391.0,29861.0,593.1,96320.0
13.7,99.8,8.9,33853.0,31487.0,593.4,96278.0
13.1,99.8,8.4,31431.0,27345.0,593.3,93988.0
13.4,99.8,9.0,34453.0,32745.0,593.1,96174.0
13.2,99.8,9.0,34198.0,32563.0,593.5,96342.0
13.7,99.8,8.6,32417.0,27285.0,592.8,95262.0
13.8,99.8,8.7,32670.0,27186.0,593.3,95344.0
13.9,99.7,8.7,32751.0,27175.0,592.9,95428.0
14.6,99.6,8.8,33443.0,29943.0,593.1,95778.0
13.6,99.8,9.0,33995.0,32607.0,593.0,96236.0
13.5,99.8,8.2,30619.0,27301.0,593.1,93610.0
13.5,99.8,9.0,34225.0,32646.0,593.0,96258.0
13.3,99.8,9.0,34335.0,32657.0,593.3,96300.0
13.6333333333,99.6,8.9,33559.0,29993.0,592.8,95902.0
13.5,99.8,8.8,33104.0,27285.0,593.0,95468.0
13.5,99.8,8.3,30926.0,27301.0,592.8,93750.0
15.7,99.0,8.9,33430.0,29844.0,592.8,96194.0
14.0,99.8,8.6,32224.0,27361.0,593.0,95038.0
13.9,99.8,8.7,32548.0,27279.0,592.9,95406.0
13.4,99.8,8.7,32761.0,27219.0,593.1,95324.0
14.2,99.6,8.8,33586.0,30031.0,592.8,95820.0
16.1,99.0,8.7,33128.0,29608.0,592.7,96236.0
15.5,99.0,8.8,33175.0,29658.0,593.3,96278.0
13.8,99.8,8.6,32260.0,27394.0,593.3,95038.0
13.6666666667,99.6,8.8,33441.0,29949.0,593.1,95674.0
13.4,99.6,8.8,33404.0,29932.0,593.1,95716.0
13.5,99.8,9.0,34058.0,32618.0,593.0,96216.0
15.9,99.0,8.8,33377.0,29883.0,593.0,96278.0
13.5,99.8,8.7,32648.0,27378.0,593.1,95304.0
13.6,99.8,8.7,32762.0,27219.0,592.3,95634.0
13.7,99.8,8.6,32335.0,27350.0,592.8,95304.0
13.5333333333,99.5,8.8,33099.0,29619.0,592.6,95862.0
13.9,99.8,8.7,32645.0,27219.0,593.0,95344.0
13.5,99.8,8.5,31488.0,27367.0,593.3,93848.0
13.5666666667,99.5,8.9,33589.0,30064.0,592.6,95862.0
15.8,99.0,8.7,33202.0,29603.0,593.3,96258.0
13.4333333333,99.6,8.9,33659.0,30185.0,592.8,95592.0
13.7,99.8,8.9,33994.0,31207.0,592.9,96278.0
13.7,99.8,8.6,32267.0,27345.0,593.5,94996.0
14.0,99.8,8.7,32485.0,27219.0,593.3,95284.0
13.7,99.8,8.9,33824.0,31207.0,593.2,96258.0
13.6,99.8,8.6,32213.0,27400.0,592.8,95120.0
13.5,99.8,8.8,32863.0,27219.0,592.6,95510.0
13.9666666667,99.6,8.8,33604.0,30086.0,592.8,95924.0
13.7,99.8,8.2,30692.0,27328.0,593.1,93532.0
13.0,99.8,8.5,31821.0,27389.0,592.6,93868.0
15.7,99.0,8.8,33445.0,29894.0,593.1,96236.0
15.5,99.0,8.8,33420.0,29822.0,593.1,96300.0
13.1,99.8,8.9,34143.0,32591.0,593.2,96236.0
15.9,99.0,8.8,33439.0,29899.0,593.1,96278.0
15.8,99.0,8.8,33471.0,29905.0,593.1,96194.0
14.0666666667,99.6,8.8,33487.0,29998.0,592.8,95634.0
13.8,99.8,8.9,34014.0,32585.0,593.3,96278.0
13.6,99.8,8.7,32599.0,27191.0,592.6,95406.0
13.7,99.8,8.4,31693.0,27345.0,593.6,94712.0
16.1,99.0,8.7,33221.0,29630.0,593.2,96300.0
15.9,99.0,8.8,33383.0,29833.0,593.1,96258.0
14.4,99.6,8.9,33294.0,29833.0,592.6,95634.0
15.9,98.9,8.7,33075.0,29570.0,593.1,96278.0
15.7,99.0,8.8,33511.0,29905.0,593.5,96236.0
13.3,99.6,8.8,33592.0,30053.0,593.0,95758.0
13.5666666667,99.6,8.8,33458.0,29938.0,593.2,95882.0
13.7,99.8,8.3,30910.0,27427.0,593.3,93888.0
13.2,99.8,8.7,31940.0,27224.0,588.2,94410.0
13.2,99.8,8.5,31764.0,27263.0,592.7,93888.0
13.7,99.8,9.0,34241.0,32624.0,593.6,96300.0
13.5,99.8,8.7,32673.0,27323.0,593.4,95366.0
13.9,99.7,8.7,32634.0,27213.0,593.1,95386.0
14.4333333333,99.6,8.9,33390.0,29976.0,592.6,95634.0
13.4,99.8,8.5,31715.0,27372.0,592.7,93948.0
14.0,99.8,8.7,32634.0,27169.0,592.8,95488.0
15.8,99.0,8.8,33210.0,29680.0,593.1,96236.0
13.9,99.8,8.3,30699.0,27268.0,593.1,93710.0
15.5,99.0,8.8,33231.0,29724.0,593.0,96278.0
16.2,99.0,8.7,33144.0,29630.0,593.2,96278.0
15.3,99.0,8.8,33366.0,29740.0,592.7,96300.0
13.7,99.8,8.7,32757.0,27268.0,593.2,95428.0
13.9333333333,99.6,8.9,33442.0,30009.0,593.5,95366.0
16.3,99.0,8.7,33254.0,29674.0,593.5,96258.0
13.8,99.8,8.7,32685.0,27339.0,593.3,95304.0
14.5666666667,99.5,8.8,33456.0,29916.0,593.1,96006.0
13.9,99.5,8.8,33513.0,29987.0,593.1,95924.0
13.6,99.8,8.2,31042.0,27361.0,594.1,93550.0
13.5,99.7,8.8,33141.0,27274.0,593.8,95284.0
13.6,99.8,8.4,30762.0,27400.0,589.4,94048.0
13.8,99.6,8.8,33551.0,29971.0,593.7,95902.0
13.4,99.8,8.7,32411.0,27285.0,593.3,95386.0
14.0,99.8,8.9,33775.0,31602.0,593.2,96300.0
13.6,99.8,8.3,30834.0,27197.0,593.1,93768.0
16.3,99.0,8.7,33117.0,29597.0,593.0,96300.0
13.4,99.7,8.7,32641.0,27285.0,592.9,95324.0
14.0333333333,99.6,8.8,33418.0,29927.0,593.0,95862.0
13.6,99.8,9.0,34177.0,32580.0,592.8,96258.0
13.7,99.8,9.0,34062.0,32322.0,592.9,96258.0
13.4,99.8,8.4,31626.0,27268.0,592.6,93948.0
13.5,99.8,8.7,32201.0,27307.0,591.5,94248.0
13.7,99.8,8.6,32651.0,27328.0,593.2,95262.0
14.0,99.6,8.8,33314.0,29883.0,592.7,95840.0
13.6,99.8,8.7,32383.0,27241.0,593.2,95406.0
14.6,99.6,7.6,28137.0,25109.0,592.8,91386.0
13.4,99.8,7.1,25431.0,21720.0,593.3,88800.0
16.0,98.9,7.6,28033.0,25043.0,593.5,91900.0
13.6,99.7,7.3,26405.0,21742.0,592.6,90012.0
15.7,99.0,7.6,27901.0,24933.0,593.3,91994.0
14.1,99.9,7.0,25145.0,21687.0,597.8,88216.0
15.7,99.0,7.6,27919.0,24977.0,592.5,91462.0
14.2333333333,99.6,7.6,28137.0,25109.0,592.8,91386.0
14.3,99.5,7.7,28022.0,25038.0,593.1,91614.0
15.4,98.9,7.6,27835.0,24911.0,592.8,91576.0
14.1333333333,99.6,7.6,28137.0,25109.0,592.8,91386.0
16.1,99.0,7.6,27937.0,24939.0,593.3,92034.0
15.5,98.9,7.6,28099.0,25082.0,593.4,91956.0
15.5,99.0,7.7,28046.0,25027.0,592.7,91862.0
13.3,99.9,7.1,25520.0,21736.0,593.5,88730.0
14.2333333333,99.5,7.5,28553.0,25417.0,593.8,92224.0
15.0333333333,99.6,7.6,27839.0,24879.0,593.3,91632.0
13.8333333333,99.6,7.6,27982.0,24944.0,593.2,90806.0
13.8666666667,99.5,7.6,28137.0,25109.0,592.8,91386.0
13.8333333333,99.6,7.6,28124.0,24983.0,593.3,91010.0
13.9333333333,99.5,7.6,28058.0,25038.0,593.1,90676.0
14.3,99.6,7.6,28137.0,25109.0,592.8,91386.0
13.5,99.8,7.4,29086.0,26598.0,601.8,92110.0
13.6,99.8,7.1,25215.0,21780.0,592.7,88784.0
15.3,99.0,7.6,27979.0,24977.0,592.9,91842.0
14.4,99.6,7.6,28137.0,25109.0,592.8,91386.0
14.4666666667,99.6,7.6,28162.0,25082.0,593.2,91010.0
16.0,98.9,7.6,28080.0,25005.0,592.9,92014.0
13.5,99.7,7.3,26348.0,21720.0,593.5,90012.0
15.5,99.0,7.6,28090.0,25060.0,593.3,91824.0
13.3,99.8,7.2,25616.0,21736.0,592.0,88624.0
13.6666666667,99.6,7.6,27870.0,24774.0,593.1,90992.0
13.8,99.6,7.6,27903.0,24917.0,592.9,91462.0
15.7,99.0,7.6,28012.0,24999.0,593.2,91976.0
13.8,99.6,7.6,28026.0,25021.0,592.8,90452.0
15.5,99.0,7.6,27930.0,24955.0,593.3,91994.0
13.6,99.8,7.1,25314.0,21725.0,593.1,88784.0
16.1,99.0,7.6,28068.0,25071.0,593.2,92090.0
14.0,99.8,7.1,25271.0,21747.0,592.4,88800.0
13.4,99.7,7.2,26188.0,21731.0,594.1,89702.0
14.2333333333,99.6,7.6,27997.0,24911.0,592.8,91142.0
15.8,98.9,7.6,27834.0,24862.0,593.1,92072.0
14.1,99.6,7.6,27938.0,24901.0,592.8,90786.0
14.0333333333,99.6,7.6,28137.0,25109.0,592.8,91386.0
13.8333333333,99.6,7.6,27789.0,24879.0,593.5,91520.0
13.5,99.8,7.1,25498.0,21802.0,593.1,88270.0
15.8,99.0,7.6,28113.0,25027.0,593.3,92264.0
15.7,99.0,7.6,28076.0,25032.0,593.1,92052.0
13.4,99.8,7.1,25449.0,21769.0,592.8,88694.0
16.0,99.0,7.6,28053.0,25021.0,592.8,92110.0
16.1,98.9,7.6,27986.0,24972.0,593.1,92090.0
15.7,99.0,7.6,27952.0,24906.0,592.9,92418.0
15.9,99.0,7.6,27997.0,24917.0,593.0,92168.0
14.3333333333,99.6,7.6,28021.0,24933.0,593.2,90992.0
16.2,98.9,7.6,27976.0,24994.0,593.3,91976.0
13.9333333333,99.6,7.6,27979.0,24895.0,592.9,90954.0
14.2666666667,99.6,7.6,28137.0,25109.0,592.8,91386.0
15.7,98.9,7.6,28101.0,25093.0,592.6,91500.0
15.7,99.0,7.7,27677.0,24807.0,593.3,91444.0
13.5,99.8,7.9,29884.0,27318.0,596.5,93118.0
15.4,99.0,7.6,27846.0,24906.0,593.3,91520.0
16.1,99.0,7.6,27914.0,24955.0,592.8,92148.0
14.1,99.6,7.6,27970.0,24944.0,593.4,91632.0
15.6,98.9,7.6,28056.0,24994.0,592.6,92128.0
15.9,99.0,7.5,28051.0,25005.0,593.2,92322.0
13.8,99.6,7.6,28172.0,25082.0,593.3,90918.0
13.3,99.7,7.3,25792.0,21720.0,595.3,89592.0
16.0,99.0,7.6,28034.0,25010.0,593.2,92110.0
13.6,99.8,7.1,25465.0,21736.0,593.2,88694.0
13.4,99.8,7.2,25501.0,21714.0,593.3,88534.0
16.0,98.9,7.6,28062.0,25060.0,593.3,91976.0
13.1,99.7,7.2,25967.0,21709.0,593.8,89484.0
13.9,99.6,7.6,28137.0,25109.0,592.8,91386.0
13.7666666667,99.6,7.6,28058.0,25076.0,593.2,91482.0
16.1,99.0,7.6,27874.0,24917.0,592.9,92034.0
14.4666666667,99.6,7.6,28005.0,24999.0,593.5,91576.0
13.6,99.8,7.1,25454.0,21742.0,593.2,88818.0
13.9666666667,99.6,7.6,28137.0,25109.0,592.8,91386.0
15.6,99.0,7.6,28098.0,25032.0,593.0,92186.0
15.9,99.0,7.6,27794.0,24846.0,593.3,91994.0
15.6,98.9,7.6,27951.0,25021.0,593.5,91462.0
15.7,99.0,7.6,27954.0,24972.0,593.1,91956.0
13.7,99.8,7.1,25409.0,21764.0,592.9,88712.0
14.3333333333,99.6,7.6,27941.0,24884.0,593.3,90806.0
15.5,99.0,7.6,27939.0,24983.0,592.8,91880.0
13.1666666667,99.6,7.6,28137.0,25109.0,592.8,91386.0
13.4,99.8,6.9,25118.0,21720.0,593.4,88570.0
13.7666666667,99.5,7.6,28137.0,25109.0,592.8,91386.0
14.1333333333,99.6,7.6,28050.0,24988.0,593.7,91010.0
13.7333333333,99.5,7.6,28122.0,25076.0,593.1,90750.0
15.8,99.0,7.6,27701.0,24791.0,594.1,91804.0
16.0,99.0,7.6,28165.0,25071.0,592.8,92052.0
13.5,99.8,7.3,25474.0,21758.0,593.4,88570.0
15.5,99.0,7.6,28010.0,24994.0,592.7,91804.0
13.9,99.7,7.1,25558.0,21725.0,590.3,89938.0
14.0,99.6,7.6,28137.0,25109.0,592.8,91386.0
15.5,99.0,6.5,26678.0,23747.0,604.8,90732.0
13.2,99.9,7.1,25394.0,21797.0,592.7,88128.0
15.9,99.0,7.5,28048.0,25043.0,592.6,92378.0
15.7,99.0,7.6,27895.0,24901.0,593.3,92128.0
15.1,99.0,6.4,21883.0,19523.0,591.1,85922.0
13.9333333333,99.6,6.4,22518.0,19885.0,593.1,85888.0
14.5,99.7,6.9,24665.0,21731.0,593.1,88410.0
13.8666666667,99.6,6.4,22561.0,20001.0,592.9,85358.0
15.4,99.0,6.5,22607.0,20034.0,593.6,86256.0
14.0,99.6,6.4,22443.0,19902.0,593.0,85242.0
14.3,99.6,6.4,22555.0,19957.0,593.5,85606.0
15.7,99.0,6.4,22632.0,19995.0,593.1,86458.0
15.2,98.9,5.1,22394.0,19869.0,593.1,85688.0
15.2,99.0,6.4,22579.0,20001.0,593.0,86122.0
15.2,99.0,5.2,22444.0,19913.0,593.2,85638.0
14.7666666667,99.6,6.4,22621.0,20001.0,593.5,85622.0
15.1,99.0,6.4,22724.0,20088.0,593.5,85722.0
15.4,99.0,6.4,22711.0,20099.0,593.3,85988.0
15.7,99.0,6.4,22584.0,19924.0,592.8,86476.0
15.2,99.0,6.4,22645.0,20028.0,593.3,86138.0
14.9,99.0,6.2,22611.0,20039.0,592.8,86156.0
15.3,99.0,6.4,22491.0,19907.0,593.8,85988.0
15.3,99.0,6.4,22540.0,19968.0,593.2,86022.0
15.1,99.0,6.4,22692.0,20127.0,592.8,85688.0
15.8,99.0,6.4,22665.0,19984.0,592.8,86424.0
14.0666666667,99.6,6.5,22504.0,19968.0,593.1,85440.0
15.7,99.0,6.3,22650.0,19984.0,592.9,86798.0
15.6,99.0,6.4,22659.0,20045.0,593.0,86458.0
13.4,99.8,7.1,24889.0,21758.0,591.0,88676.0
14.2,99.7,6.9,24789.0,21742.0,592.8,88428.0
15.4,99.0,6.4,22670.0,20067.0,592.8,86022.0
15.5,99.0,6.4,22670.0,20050.0,593.3,85938.0
13.9,99.6,6.4,22567.0,19968.0,593.2,85854.0
15.9,99.0,6.4,22623.0,19990.0,593.2,86340.0
13.7,99.6,6.4,22517.0,19995.0,593.0,84980.0
15.8,99.0,6.4,22692.0,20012.0,593.0,86560.0
14.4,99.6,6.4,22512.0,19946.0,593.0,85292.0
15.5,99.0,7.6,24025.0,21308.0,596.0,88128.0
15.6,99.0,6.4,22653.0,19995.0,592.6,86392.0
13.7666666667,99.6,6.4,22526.0,20023.0,593.4,84964.0
15.2,99.0,6.4,22576.0,19990.0,593.3,85954.0
14.2666666667,99.6,6.4,22610.0,20039.0,593.4,85374.0
14.8333333333,99.6,6.4,22568.0,19940.0,593.1,85954.0
13.5,99.7,6.9,24656.0,21742.0,592.6,88200.0
14.3333333333,99.6,6.4,22549.0,19946.0,593.1,85888.0
14.3666666667,99.6,6.4,22537.0,19962.0,592.8,85622.0
14.2,99.6,6.4,22524.0,20012.0,593.3,84834.0
15.6,99.0,6.4,22561.0,19962.0,592.6,86458.0
14.9333333333,99.6,6.4,22509.0,19990.0,593.2,84964.0
14.4333333333,99.6,6.4,22052.0,19616.0,593.5,84720.0
15.7,99.0,6.4,22749.0,20017.0,593.0,86510.0
13.7666666667,99.6,6.4,22510.0,19979.0,592.8,85178.0
15.5,99.0,6.4,22350.0,19825.0,593.0,86088.0
13.3,99.9,6.8,24530.0,21720.0,593.5,87156.0
14.2,99.5,6.5,22571.0,20017.0,592.8,85522.0
14.2,99.6,6.4,22522.0,19951.0,593.3,84900.0
13.7666666667,99.6,6.4,22421.0,19924.0,593.2,85030.0
15.7,99.0,6.4,22578.0,19935.0,593.2,86424.0
15.5,99.0,6.3,22557.0,19990.0,593.0,85872.0
15.5,99.0,6.4,22537.0,19951.0,593.0,86038.0
13.7666666667,99.6,6.4,22656.0,20017.0,593.5,86088.0
14.0333333333,99.6,6.4,22438.0,20017.0,593.5,85276.0
14.4666666667,99.6,6.4,22663.0,20012.0,593.0,85938.0
13.7,99.8,6.9,24440.0,21819.0,593.5,87346.0
13.9,99.7,6.9,24654.0,21725.0,593.3,88182.0
13.9,99.5,6.4,22499.0,19940.0,592.8,85374.0
14.0,99.6,6.4,22549.0,19935.0,592.8,85922.0
15.6,98.9,6.4,22523.0,19924.0,593.3,86526.0
14.2333333333,99.6,6.4,22479.0,19935.0,593.2,85390.0
14.2666666667,99.6,6.4,22495.0,19940.0,592.9,85358.0
13.8666666667,99.6,6.4,22547.0,19940.0,593.2,86056.0
14.0,99.7,6.9,24547.0,21742.0,592.5,88146.0
15.8,98.9,6.4,22623.0,20017.0,593.3,86392.0
15.7,99.0,6.6,22552.0,19957.0,593.1,86206.0
13.6,99.7,6.9,24621.0,21742.0,592.7,88094.0
15.5,99.0,6.4,22698.0,20012.0,593.1,86662.0
15.3,98.9,6.4,22569.0,19979.0,593.3,85904.0
13.4,99.9,6.9,24926.0,21720.0,594.0,87570.0
15.3,98.9,6.4,22488.0,19951.0,592.9,86004.0
14.3333333333,99.6,6.4,22688.0,20050.0,592.8,86022.0
13.6,99.9,6.8,24373.0,21819.0,593.3,87278.0
15.5,98.9,6.4,22594.0,19924.0,593.1,86526.0
14.0666666667,99.6,6.4,22535.0,19907.0,593.3,85888.0
14.3333333333,99.6,6.4,22535.0,19924.0,592.9,86122.0
13.7333333333,99.6,6.4,22689.0,20045.0,593.2,86022.0
13.7,99.9,6.8,24210.0,21830.0,592.9,86918.0
15.7,99.0,6.4,22654.0,20012.0,592.8,86510.0
13.5,99.6,6.4,22476.0,19929.0,592.8,85506.0
15.4,99.0,6.4,22631.0,20001.0,592.8,86526.0
15.1,99.0,6.4,22738.0,20050.0,593.1,86106.0
14.7666666667,99.5,6.4,22489.0,19935.0,592.9,85588.0
14.3333333333,99.6,6.4,22431.0,19858.0,593.3,85854.0
15.2,99.0,6.3,22450.0,19918.0,592.6,85788.0
13.9,99.7,6.9,24620.0,21725.0,593.5,88128.0
13.5,99.6,6.4,22603.0,20056.0,593.6,85474.0
14.1666666667,99.6,6.4,22592.0,19984.0,593.0,85424.0
15.3,99.0,5.8,22645.0,20067.0,596.5,85954.0
13.7,99.7,6.9,24640.0,21731.0,593.3,88252.0
15.8,99.0,6.4,22655.0,20028.0,593.4,86610.0
14.2666666667,99.6,6.4,22705.0,20012.0,593.2,86340.0
15.4,99.0,6.4,22528.0,20017.0,593.5,85672.0
15.9,99.0,6.4,22641.0,20001.0,593.1,86510.0
14.2333333333,99.6,8.4,24804.0,22264.0,642.8,80776.0
13.7,99.8,6.8,24014.0,21852.0,593.1,86882.0
16.1,99.0,5.2,17394.0,15200.0,604.1,80076.0
13.7,99.7,5.8,19140.0,16315.0,598.6,81340.0
13.0666666667,99.6,5.3,17080.0,15013.0,605.9,78456.0
14.2333333333,99.6,4.9,17062.0,14875.0,600.8,80104.0
15.8,99.0,5.2,17218.0,15040.0,602.8,79744.0
14.0333333333,99.6,5.2,16983.0,14886.0,604.1,79314.0
13.8,99.7,5.3,18534.0,16320.0,598.9,81192.0
14.0666666667,99.6,5.3,17102.0,15007.0,604.4,79342.0
14.6333333333,99.6,5.2,17059.0,14958.0,603.9,79442.0
14.7,99.6,5.3,17114.0,15040.0,604.2,79328.0
15.6,99.0,5.2,17062.0,14969.0,603.8,79800.0
14.1333333333,99.6,5.2,17112.0,14974.0,604.1,79528.0
16.1,98.9,5.2,17207.0,15040.0,603.6,79572.0
14.1,99.6,5.4,19226.0,16776.0,587.1,83050.0
13.4,99.7,5.9,18475.0,16359.0,601.7,80968.0
13.5,99.7,5.6,18712.0,16320.0,601.2,81118.0
16.0,99.0,5.2,17060.0,14947.0,603.1,79844.0
13.6,99.7,5.5,18876.0,16320.0,605.1,80850.0
15.8,98.9,5.2,17054.0,14930.0,603.5,79744.0
15.0,99.6,5.3,17237.0,15112.0,601.3,79486.0
13.5,99.9,5.5,18724.0,16419.0,606.2,80380.0
15.8,99.0,5.2,17221.0,15035.0,603.1,79830.0
16.0,99.0,5.2,16954.0,14892.0,602.8,79930.0
16.2,99.0,5.2,16969.0,14870.0,603.5,79872.0
14.5666666667,99.6,5.2,16981.0,14892.0,603.5,79572.0
15.6,99.0,5.2,17037.0,14886.0,603.5,79800.0
15.2,99.0,5.3,17136.0,15029.0,601.4,79372.0
14.1,99.6,5.3,17053.0,15018.0,606.2,78526.0
16.0,99.0,5.2,17138.0,15013.0,603.8,79700.0
15.9,99.0,5.1,17208.0,15013.0,603.7,79600.0
15.3,99.0,5.3,16903.0,14870.0,604.9,79314.0
14.0666666667,99.6,5.3,17096.0,15007.0,604.4,79230.0
13.2,99.8,5.6,19130.0,16370.0,599.4,80644.0
13.1,99.7,5.5,18518.0,16287.0,602.2,80954.0
15.3,99.0,5.2,17216.0,15117.0,603.5,79386.0
13.6,99.7,5.4,18324.0,16309.0,596.2,81386.0
13.6,99.7,5.0,18381.0,16271.0,595.3,81088.0
13.8,99.7,5.5,18617.0,16370.0,600.6,81222.0
15.7,99.0,5.2,17180.0,15040.0,603.3,79758.0
13.6,99.7,5.5,19054.0,16326.0,599.3,82020.0
15.6,99.0,5.2,17084.0,15002.0,603.1,79888.0
16.0,98.9,5.2,17203.0,14974.0,603.1,79786.0
14.1333333333,99.6,5.3,17151.0,15024.0,604.4,79286.0
14.0666666667,99.6,5.3,17122.0,15029.0,604.5,79328.0
13.9333333333,99.6,5.2,17077.0,14991.0,603.6,79356.0
13.4,99.9,5.5,18538.0,16463.0,604.0,80192.0
14.4,99.6,5.2,17088.0,14952.0,600.6,79442.0
14.2,99.5,5.3,16989.0,14985.0,606.0,78442.0
13.3,99.8,5.7,18892.0,16364.0,600.3,80674.0
15.1,99.0,5.2,17096.0,14996.0,604.4,79300.0
14.1666666667,99.6,5.2,16856.0,14843.0,605.2,78456.0
14.6333333333,99.6,5.1,17025.0,14897.0,603.3,79542.0
15.3,99.0,4.0,16079.0,14178.0,605.1,78414.0
15.3,98.9,5.2,17137.0,15040.0,604.4,79314.0
13.3,99.9,4.9,18369.0,16474.0,602.4,80148.0
15.6,99.0,5.1,17059.0,14936.0,603.8,79714.0
13.3,99.9,5.6,18734.0,16359.0,602.2,80630.0
13.5,99.7,5.6,18814.0,16320.0,603.1,80894.0
16.0,99.0,5.2,17201.0,15068.0,603.3,79642.0
15.6,98.9,5.2,17022.0,14903.0,603.3,79772.0
15.6,99.0,5.2,17186.0,15013.0,603.1,79800.0
14.5,99.6,5.3,17022.0,14925.0,604.2,79386.0
16.1,99.0,5.2,17095.0,14936.0,602.8,80090.0
14.7,99.6,5.2,17051.0,14952.0,603.7,79470.0
13.8,99.6,5.3,17166.0,15073.0,605.1,79172.0
14.0666666667,99.6,5.2,17060.0,14980.0,604.4,79486.0
14.4,99.6,5.3,16813.0,14837.0,605.6,78276.0
14.2333333333,99.6,5.3,17012.0,14974.0,605.8,78332.0
14.7333333333,99.6,5.2,17134.0,14996.0,604.0,79700.0
15.8,99.0,5.2,17169.0,15002.0,603.3,79786.0
15.4,99.0,5.3,17057.0,14974.0,604.7,79258.0
13.4333333333,99.6,5.3,16939.0,14941.0,606.1,78386.0
13.3,99.9,5.7,18712.0,16474.0,595.1,81014.0
13.3,99.9,5.7,18729.0,16331.0,602.6,80688.0
15.4,99.0,5.2,17016.0,14952.0,604.2,79214.0
15.1,99.0,5.1,17105.0,15040.0,604.4,79258.0
13.4,99.7,5.3,18538.0,16353.0,600.8,81058.0
15.9,99.0,5.2,17024.0,14908.0,603.4,79628.0
15.8,99.0,5.2,17015.0,14925.0,603.5,79672.0
15.2,99.0,3.9,16941.0,14908.0,604.4,79074.0
13.8333333333,99.6,5.3,17523.0,15469.0,604.9,78414.0
13.7,99.9,5.6,18632.0,16370.0,601.6,80748.0
15.1,99.0,5.2,16731.0,14722.0,599.3,79600.0
14.1,99.7,5.6,18680.0,16320.0,600.7,81118.0
14.1666666667,99.6,5.3,17152.0,15040.0,603.7,79500.0
14.2333333333,99.6,5.2,17063.0,14952.0,604.0,79414.0
14.2666666667,99.6,5.2,16613.0,14634.0,606.5,78028.0
13.6666666667,99.6,5.2,16859.0,14843.0,603.8,78666.0
15.2,98.9,5.2,17087.0,15035.0,601.5,79356.0
15.6,99.0,5.1,17068.0,14958.0,603.5,79786.0
14.1666666667,99.6,5.2,17037.0,14947.0,604.2,79258.0
15.7,99.0,5.4,17676.0,15474.0,610.1,79130.0
13.1,99.9,5.6,18213.0,16441.0,601.1,80468.0
13.6,99.7,5.6,18788.0,16315.0,599.9,81430.0
13.2,99.7,5.3,17852.0,16342.0,603.7,80762.0
13.7,99.7,5.6,18631.0,16293.0,600.3,81252.0
13.9333333333,99.6,5.2,16911.0,14897.0,606.2,78652.0
14.6,99.6,5.2,17097.0,14958.0,603.5,79642.0
15.3,99.0,5.2,17033.0,14969.0,604.4,79314.0
14.0,99.6,5.2,17079.0,15002.0,604.1,79356.0
14.6333333333,99.6,4.0,11519.0,9921.0,620.1,71428.0
15.7,99.0,5.1,12278.0,10536.0,617.3,72802.0
15.3,99.0,4.1,11180.0,9679.0,613.2,74382.0
13.8,99.7,4.3,12679.0,10904.0,616.5,73092.0
13.9333333333,99.6,4.0,11456.0,9921.0,620.3,70698.0
14.0333333333,99.6,4.1,11500.0,9926.0,619.0,71496.0
13.1,99.9,4.5,13333.0,11063.0,614.0,73922.0
15.9,99.0,3.9,11632.0,9992.0,617.9,71962.0
14.9,99.6,4.0,11488.0,9921.0,619.0,71462.0
14.1666666667,99.6,4.0,11430.0,9910.0,621.0,70450.0
13.1,99.9,4.5,13477.0,10937.0,614.2,73958.0
15.9,99.0,4.0,11621.0,10003.0,618.5,71798.0
13.4,99.7,4.3,12713.0,11063.0,616.3,72958.0
14.7,99.0,3.4,11498.0,9904.0,620.4,71716.0
13.7666666667,99.6,4.1,11558.0,9970.0,619.8,71404.0
14.6,99.7,4.4,12723.0,11030.0,616.9,73116.0
14.7666666667,99.6,4.1,11584.0,9998.0,619.4,71508.0
15.0,99.0,4.0,11642.0,10025.0,618.4,71544.0
14.7333333333,99.6,4.0,11457.0,9882.0,618.9,71520.0
13.6,99.9,4.5,13390.0,11069.0,614.6,73970.0
14.5,99.6,4.1,11589.0,10003.0,619.2,71474.0
13.8,99.6,3.9,11409.0,9866.0,618.7,70472.0
13.5,99.7,4.3,12817.0,10887.0,615.5,73224.0
14.1,99.6,4.1,11556.0,10003.0,621.1,70460.0
13.6,99.7,4.3,12722.0,10865.0,616.1,73104.0
15.3,99.0,4.0,11613.0,10025.0,619.0,71508.0
15.9,99.0,4.0,11671.0,10047.0,618.6,71904.0
15.0,99.0,4.2,11495.0,9921.0,619.0,71544.0
13.4,99.9,4.5,13609.0,10937.0,616.7,73970.0
13.8,99.7,4.3,12795.0,11041.0,615.8,73406.0
13.9666666667,99.6,4.0,11380.0,9855.0,620.5,71300.0
15.8,99.0,5.2,13590.0,11816.0,616.0,74144.0
14.9,99.0,4.1,11559.0,9976.0,620.1,71486.0
13.7,99.7,4.4,12737.0,10909.0,614.3,73224.0
16.0,99.0,4.0,11712.0,10047.0,617.6,71938.0
16.0,99.0,4.0,11629.0,9992.0,618.8,71786.0
13.2,99.9,4.4,13463.0,11014.0,611.2,74144.0
15.1333333333,99.6,4.1,11687.0,10080.0,618.9,71440.0
13.0,99.7,4.3,12730.0,10904.0,616.8,73042.0
14.6333333333,99.6,4.1,11547.0,9943.0,618.8,71486.0
14.0,99.7,4.3,12816.0,10942.0,616.1,73370.0
16.1,99.0,4.0,11579.0,9965.0,618.8,71950.0
13.2,99.9,4.5,13797.0,11173.0,613.3,74344.0
14.9,99.0,4.0,11770.0,10168.0,622.4,71392.0
14.5,99.6,4.1,11551.0,9976.0,619.8,71358.0
13.8333333333,99.6,4.1,11516.0,9981.0,621.0,70732.0
13.6666666667,99.6,4.1,11597.0,9998.0,619.2,71624.0
15.2,99.0,4.1,11581.0,9976.0,618.8,71624.0
14.8,99.7,4.3,12637.0,11074.0,617.7,73054.0
14.0333333333,99.6,4.1,11655.0,10052.0,619.4,71532.0
14.9,99.0,3.1,11342.0,9849.0,621.6,71624.0
13.4,99.9,4.5,13464.0,10931.0,614.1,74094.0
13.5666666667,99.6,4.1,11645.0,10058.0,619.7,71266.0
14.0666666667,99.6,4.1,11439.0,9921.0,620.5,70562.0
13.3,99.7,4.3,12698.0,11058.0,616.5,72946.0
13.7333333333,99.6,4.1,11529.0,9987.0,621.4,70540.0
13.6,99.7,4.3,12921.0,11030.0,616.2,73418.0
13.7,99.7,4.2,12661.0,10887.0,615.3,73164.0
14.1,99.6,4.1,11532.0,9976.0,621.5,70382.0
13.2,99.9,4.5,13606.0,11129.0,614.3,73910.0
13.7333333333,99.6,3.9,11141.0,9630.0,629.5,70014.0
15.2,99.0,4.1,11614.0,10020.0,619.5,71496.0
15.7,99.0,4.0,11609.0,9987.0,618.5,71856.0
16.0,99.0,4.0,11591.0,9954.0,618.6,71880.0
14.0,99.6,4.0,10825.0,9322.0,633.1,69454.0
15.0,99.0,4.2,11585.0,9987.0,618.2,71508.0
15.2,99.0,4.1,11581.0,9998.0,619.8,71462.0
14.7,99.0,4.2,11442.0,9877.0,618.7,71544.0
13.7666666667,99.6,4.1,11611.0,9981.0,619.9,71496.0
15.0,99.0,4.2,11478.0,9915.0,618.7,71554.0
13.5,99.6,4.2,12009.0,10355.0,619.1,71926.0
15.1,99.0,4.1,11647.0,10036.0,619.9,71486.0
14.4333333333,99.6,4.1,11503.0,9932.0,619.7,71486.0
14.1333333333,99.6,4.2,11510.0,9959.0,619.9,70686.0
13.9,99.6,4.6,13947.0,12074.0,607.9,75460.0
13.3,99.9,4.5,13445.0,10948.0,614.5,73984.0
13.5,99.7,4.3,12793.0,11030.0,615.9,73236.0
15.3,99.0,4.0,11743.0,10118.0,618.4,71544.0
13.3,99.9,4.5,13409.0,11113.0,614.8,73984.0
13.8333333333,99.6,4.1,11564.0,9987.0,619.4,71440.0
14.9,99.0,4.1,11453.0,9904.0,619.2,71508.0
13.4,99.7,4.3,12884.0,10959.0,616.7,73164.0
13.1,99.9,4.5,13633.0,10953.0,614.9,74070.0
16.3,98.9,4.0,11608.0,9992.0,618.6,71904.0
12.9,99.7,4.3,12565.0,10937.0,616.7,72850.0
14.0333333333,99.6,4.1,11463.0,9904.0,621.0,70550.0
14.8,99.0,4.4,10282.0,8888.0,616.2,72080.0
13.6,99.7,4.3,12778.0,11047.0,615.8,73296.0
13.4,99.9,4.5,13453.0,10948.0,614.8,74094.0
15.5,99.0,4.1,11595.0,10014.0,619.6,71554.0
15.6,99.0,4.0,11572.0,9987.0,618.7,71926.0
14.6666666667,99.6,4.0,11498.0,9926.0,619.4,71392.0
15.9,99.0,4.0,11536.0,9954.0,618.8,71938.0
13.7,99.7,4.3,12714.0,11036.0,616.0,73164.0
13.2,99.9,4.5,13383.0,10926.0,614.5,73922.0
13.4,99.9,4.3,13335.0,11245.0,615.5,73492.0
13.1,99.7,4.3,12779.0,11041.0,616.5,72898.0
13.9,99.7,4.3,12675.0,11030.0,616.1,72970.0
13.3,99.7,4.3,12781.0,10926.0,616.5,72922.0
15.0,99.0,4.0,11593.0,9998.0,619.9,71496.0
14.3,99.6,3.0,6061.0,4971.0,657.1,58624.0
14.3,99.5,2.8,6056.0,4949.0,649.4,59844.0
14.9,99.0,3.4,6179.0,5048.0,650.3,60310.0
14.3333333333,99.6,3.1,6220.0,5103.0,658.9,58670.0
13.4,99.9,3.1,7686.0,5592.0,643.5,63286.0
14.5333333333,99.6,2.6,6108.0,4971.0,642.8,59870.0
13.5,99.9,3.3,7512.0,5636.0,639.8,63294.0
14.2666666667,99.6,3.7,8607.0,7355.0,646.0,63990.0
13.8,99.9,3.4,7575.0,5658.0,637.8,63768.0
14.3,99.6,3.0,6052.0,4966.0,659.1,58546.0
15.8,98.9,2.7,6067.0,4894.0,650.9,60114.0
14.3,99.7,3.0,6929.0,5598.0,654.1,61568.0
14.4666666667,99.6,2.8,6080.0,4960.0,661.9,59490.0
14.6333333333,99.5,2.9,6106.0,4999.0,644.4,59870.0
14.8,99.6,2.9,6090.0,4999.0,663.3,59466.0
14.5,99.6,2.9,6185.0,5054.0,655.7,59578.0
13.6,99.7,2.9,6767.0,5598.0,645.2,61508.0
14.2333333333,99.6,3.6,8348.0,7136.0,647.6,63640.0
15.9,99.0,2.9,6117.0,4955.0,667.7,59756.0
14.6,99.6,2.9,6120.0,4971.0,661.8,59562.0
13.7,99.7,2.9,6787.0,5587.0,645.3,61552.0
14.4333333333,99.6,3.0,6249.0,5120.0,655.7,59644.0
14.5,99.5,2.8,6065.0,4955.0,643.9,59918.0
14.4,99.5,2.8,6183.0,5054.0,646.5,59828.0
14.3333333333,99.6,2.8,6094.0,4977.0,645.9,59788.0
14.3333333333,99.6,3.2,6374.0,5268.0,672.1,59732.0
13.2,99.9,3.2,7577.0,5592.0,642.2,62872.0
14.4333333333,99.5,2.8,6188.0,5048.0,645.1,59870.0
15.0,98.9,3.3,6405.0,5268.0,652.3,60294.0
13.7,99.9,3.3,7518.0,5603.0,643.1,63322.0
13.5666666667,99.6,3.3,6234.0,5098.0,660.3,58454.0
14.8,99.0,3.4,5868.0,4664.0,636.2,60874.0
13.6,99.9,3.6,7656.0,5625.0,643.9,63668.0
14.4666666667,99.6,2.8,6190.0,5054.0,658.5,59612.0
14.2666666667,99.6,2.8,5292.0,4131.0,648.5,58890.0
14.5666666667,99.6,2.9,6141.0,4977.0,655.3,59700.0
14.0333333333,99.6,2.7,6078.0,4949.0,652.0,59684.0
13.5,99.9,3.4,6274.0,5663.0,647.9,60434.0
14.3,99.5,2.8,6077.0,4971.0,643.1,59910.0
15.8,98.9,3.0,6087.0,4933.0,667.1,59836.0
14.6666666667,99.6,2.8,6083.0,5021.0,643.8,59862.0
14.0333333333,99.6,3.3,6156.0,5015.0,660.7,58492.0
15.0,99.0,3.8,6023.0,4850.0,639.7,60326.0
13.5,99.9,3.3,7623.0,5598.0,644.4,63024.0
14.1666666667,99.6,3.2,6033.0,4938.0,645.1,58408.0
13.7,99.7,3.2,6881.0,5625.0,663.4,61330.0
13.9666666667,99.6,2.8,6154.0,5043.0,653.3,59554.0
14.9,99.0,3.0,6106.0,4993.0,658.5,59828.0
13.8333333333,99.6,3.0,6158.0,5059.0,653.3,58810.0
14.7666666667,99.5,2.9,5963.0,5158.0,646.3,59852.0
14.1,99.7,2.9,6521.0,126.0,655.6,56426.0
14.4,99.5,2.8,6065.0,4966.0,647.2,59636.0
13.9,99.7,2.9,6965.0,5587.0,647.8,61714.0
14.4333333333,99.6,2.7,6024.0,4911.0,646.3,59836.0
14.0,99.7,2.9,6759.0,5609.0,651.5,61406.0
13.2,99.9,3.3,7543.0,5587.0,642.9,63016.0
15.9,99.0,2.9,6089.0,4944.0,661.4,59828.0
16.0,99.0,2.8,6251.0,5114.0,660.6,59926.0
14.2,99.7,2.8,6895.0,5663.0,648.5,61774.0
14.5666666667,99.5,2.9,6061.0,4933.0,661.8,59482.0
13.4,99.9,3.2,7435.0,5587.0,642.6,63034.0
14.3,99.6,2.8,6103.0,4971.0,649.0,59788.0
13.5,99.7,2.9,6781.0,5587.0,644.7,61534.0
14.0,99.6,3.0,6003.0,4900.0,654.2,58648.0
14.1333333333,99.6,3.4,7227.0,6053.0,662.7,61518.0
14.6,99.6,2.9,6167.0,5054.0,644.2,59862.0
14.1,99.7,3.0,6844.0,5592.0,653.3,61500.0
14.5666666667,99.6,2.9,6163.0,5043.0,655.8,59716.0
14.2333333333,99.6,3.0,6082.0,4988.0,658.9,58492.0
14.8,99.0,3.9,6130.0,4960.0,640.5,60178.0
13.6,99.9,3.4,6108.0,5652.0,686.9,58920.0
14.2,99.6,3.0,5986.0,4883.0,646.6,58632.0
13.8,99.9,3.3,7534.0,5603.0,644.6,63186.0
16.2,99.0,3.0,6076.0,4933.0,665.9,59788.0
14.1666666667,99.5,2.8,6077.0,4960.0,651.0,59700.0
13.8666666667,99.6,2.9,6051.0,4933.0,669.7,59276.0
14.7,99.6,2.8,6070.0,4949.0,660.8,59498.0
16.0,98.9,2.7,6055.0,4938.0,655.0,60032.0
14.9,98.9,3.6,6117.0,4949.0,641.3,60450.0
14.8,99.6,2.9,6154.0,5021.0,663.3,59546.0
13.4,99.9,3.3,7721.0,5587.0,645.3,63240.0
14.3,99.6,3.0,6008.0,4944.0,649.2,58858.0
15.1,98.9,2.9,7310.0,6092.0,647.4,66640.0
13.9333333333,99.6,2.8,5970.0,4872.0,667.4,59316.0
14.0333333333,99.6,3.3,6828.0,5674.0,666.9,60656.0
15.9,98.9,2.8,6055.0,4911.0,662.5,59852.0
13.3,99.9,3.3,7460.0,5592.0,644.9,63070.0
14.8,99.5,2.7,5909.0,4790.0,643.2,59828.0
14.1,99.6,3.0,6036.0,4922.0,658.3,58592.0
14.0,99.7,3.0,6787.0,5598.0,652.9,61380.0
13.6,99.9,3.3,7573.0,5603.0,648.8,63132.0
14.9,99.0,3.9,6175.0,4955.0,646.2,59594.0
15.8,99.0,2.8,6085.0,4949.0,661.4,59926.0
14.7666666667,99.6,2.8,6079.0,4933.0,664.2,59474.0
13.5,99.9,3.4,7590.0,5614.0,640.9,63286.0
14.6666666667,99.5,2.8,6095.0,4982.0,642.8,60016.0
14.1,99.7,2.9,6844.0,5663.0,648.1,61800.0
13.9,99.7,2.9,6783.0,5685.0,650.3,61466.0
13.7333333333,99.6,2.9,6034.0,4922.0,652.0,58936.0
14.1,99.7,2.9,6886.0,5669.0,647.6,61672.0
14.0,99.6,2.4,2444.0,1522.0,667.5,44978.0
14.9333333333,99.5,0.0,722.0,0.0,507.7,44968.0
14.7333333333,99.6,0.0,381.0,-319.0,444.8,44914.0
15.8,99.0,2.4,2130.0,1291.0,693.7,45006.0
13.9,99.6,0.0,858.0,0.0,527.9,45050.0
15.5,99.0,0.0,716.0,-5.0,507.0,45124.0
15.9,99.0,0.0,1077.0,357.0,584.9,45088.0
14.1,99.6,2.7,2536.0,1637.0,668.0,45116.0
13.9,99.6,0.0,499.0,0.0,470.4,45272.0
13.7,99.6,0.0,1380.0,0.0,634.1,45216.0
14.0,99.6,2.5,2516.0,1588.0,674.2,44960.0
16.1,99.0,5.3,2141.0,1230.0,670.4,45124.0
14.3,99.6,2.6,2545.0,1637.0,672.4,45088.0
13.8,99.7,0.0,1002.0,0.0,557.0,45262.0
15.1,99.0,4.3,2173.0,1258.0,671.3,45216.0
13.7,99.7,0.0,477.0,0.0,463.9,45142.0
14.4333333333,99.6,0.0,1015.0,302.0,563.0,45226.0
15.4,98.9,0.0,71.0,-588.0,400.2,45032.0
13.6,99.7,0.0,429.0,0.0,457.7,45254.0
14.1,99.6,2.3,2470.0,1483.0,665.1,47590.0
13.8,99.7,0.0,949.0,0.0,548.4,45254.0
15.0,99.0,3.5,4553.0,3378.0,648.8,55940.0
13.6,99.7,2.0,2673.0,0.0,689.2,47154.0
15.5,98.9,1.8,1382.0,621.0,658.9,45226.0
14.6333333333,99.6,0.0,1191.0,489.0,602.2,45282.0
14.0,99.7,0.0,704.0,0.0,504.4,45272.0
13.7,99.7,4.1,2261.0,0.0,693.5,45912.0
13.8,99.6,0.0,805.0,0.0,524.4,45088.0
14.4,99.6,0.0,988.0,286.0,559.3,45116.0
13.8,99.7,3.8,2550.0,0.0,695.3,45636.0
14.6333333333,99.5,0.0,144.0,-489.0,409.7,45134.0
13.5,99.9,5.7,1014.0,5032.0,696.8,49942.0
14.1,99.5,3.0,4913.0,3735.0,649.4,55326.0
13.7,99.9,2.1,2104.0,132.0,667.2,45124.0
15.7,99.0,1.7,2121.0,1252.0,692.6,45124.0
13.4,99.9,3.2,2184.0,143.0,671.5,45262.0
13.9333333333,99.6,2.9,2588.0,1675.0,667.9,45106.0
13.3,99.7,2.0,2633.0,0.0,688.7,47154.0
15.5,99.0,0.0,964.0,253.0,397.7,40226.0
14.7,99.6,0.0,338.0,-324.0,440.6,45134.0
15.5,99.0,0.0,313.0,-363.0,441.9,44968.0
13.8,99.9,2.0,2112.0,137.0,671.6,45106.0
13.8,99.7,0.0,149.0,0.0,409.4,45262.0
14.9,99.6,0.0,867.0,77.0,402.1,28238.0
13.8,99.7,3.2,1716.0,0.0,699.9,45328.0
15.7,99.0,0.0,326.0,-341.0,447.6,44950.0
15.7,99.0,2.5,2086.0,1187.0,691.4,44986.0
13.7,99.7,2.3,2783.0,0.0,690.8,47692.0
15.5,98.9,0.0,318.0,-379.0,444.4,45096.0
15.6,99.0,0.0,201.0,-445.0,425.6,44978.0
15.5,99.0,0.0,542.0,-137.0,484.4,44968.0
14.0333333333,99.6,2.4,2356.0,1494.0,672.0,45014.0
15.6,99.0,0.0,592.0,-66.0,408.3,20222.0
13.6,99.6,2.0,2664.0,0.0,689.6,47104.0
14.0,99.7,2.2,2787.0,0.0,695.3,47458.0
14.7,99.6,2.0,2225.0,1384.0,691.9,45006.0
13.9,99.6,0.0,86.0,0.0,402.4,45106.0
13.7,99.7,0.0,1391.0,0.0,642.6,45254.0
13.4,99.9,3.0,2235.0,137.0,670.8,44960.0
13.7,99.9,2.1,2235.0,121.0,672.2,45244.0
14.7666666667,99.6,0.0,1317.0,599.0,636.9,45116.0
13.9,99.7,1.9,2208.0,0.0,694.2,45088.0
13.7,99.6,0.0,440.0,0.0,461.5,45134.0
14.1666666667,99.6,2.9,4674.0,3527.0,654.9,54724.0
14.2666666667,99.6,2.6,2586.0,1692.0,669.4,44960.0
15.0,98.9,3.5,4420.0,3257.0,649.5,55624.0
13.5,99.9,3.1,2209.0,137.0,671.0,45152.0
14.1,99.7,1.9,2193.0,0.0,692.0,45116.0
14.4333333333,99.6,0.0,252.0,-396.0,425.3,45124.0
14.7333333333,99.6,2.0,2212.0,1390.0,693.8,45096.0
15.4,99.0,0.0,450.0,-220.0,468.3,45088.0
15.3,99.0,1.8,1362.0,643.0,665.1,45198.0
13.8,99.7,1.8,2207.0,0.0,692.8,45124.0
13.6,99.9,2.1,2172.0,137.0,670.0,44960.0
14.3,99.6,0.0,302.0,-368.0,434.2,45124.0
14.4666666667,99.6,2.0,2278.0,1456.0,688.5,45096.0
15.5,98.9,0.0,529.0,-148.0,485.8,45042.0
13.8,99.6,0.0,308.0,0.0,437.2,45262.0
15.9,98.9,0.0,881.0,170.0,539.7,44968.0
14.1,99.6,0.0,252.0,0.0,428.6,45272.0
13.6,99.7,2.4,2884.0,0.0,692.7,47848.0
15.7,99.0,1.7,1167.0,417.0,598.8,45096.0
13.8,99.7,0.0,965.0,0.0,549.7,44942.0
15.4,99.0,0.0,255.0,-396.0,438.0,45236.0
13.3,99.9,2.8,2191.0,132.0,664.7,45254.0
13.8,99.7,2.2,2723.0,0.0,689.4,47356.0
14.9,99.5,0.0,960.0,115.0,400.4,30266.0
14.7666666667,99.6,0.0,1380.0,632.0,645.8,45170.0
14.5666666667,99.5,1.6,2197.0,1203.0,686.6,45134.0
13.8,99.6,0.0,941.0,0.0,542.2,45070.0
13.8,99.7,3.3,1757.0,0.0,683.3,47094.0
15.7,98.9,0.0,229.0,-456.0,427.9,45180.0
15.7,98.9,1.8,1224.0,522.0,619.7,45060.0
14.7333333333,99.6,0.0,370.0,-297.0,446.3,45152.0
14.1,99.5,3.2,2692.0,1769.0,669.7,45282.0
14.5666666667,99.6,1.9,2201.0,1318.0,691.1,45124.0
14.0,99.7,0.0,1242.0,0.0,606.2,45272.0
14.0333333333,99.5,2.3,2454.0,1544.0,670.1,45006.0
13.8,99.7,2.2,2844.0,0.0,690.5,47600.0
13.7,99.6,0.0,331.0,0.0,440.5,45106.0
